月份,频道,行业大类,时长(分),投放占比
6,湖南卫视,饮料,705,0.3359
,湖南卫视,互联网,456,0.2171
,湖南卫视,化妆品/浴室用品,370,0.176
,湖南卫视,邮电通讯,147,0.0699
,湖南卫视,食品,113,0.0539
,湖南卫视,家用电器,86,0.0407
,湖南卫视,药品,82,0.0391
,湖南卫视,交通,61,0.029
,湖南卫视,娱乐及休闲,27,0.0128
,湖南卫视,清洁用品,23,0.0108
,湖南卫视,家居,17,0.0082
,湖南卫视,个人用品,15,0.0072
,湖南卫视,金融/投资行业,6,0.0028
,湖南卫视,数码/电脑/办公用品,4,0.0019
,湖南卫视,衣着,3,0.0015
7,湖南卫视,饮料,775,0.3873
,湖南卫视,互联网,397,0.1987
,湖南卫视,化妆品/浴室用品,212,0.1059
,湖南卫视,邮电通讯,178,0.0892
,湖南卫视,食品,102,0.0508
,湖南卫视,数码/电脑/办公用品,86,0.0432
,湖南卫视,娱乐及休闲,75,0.0373
,湖南卫视,个人用品,57,0.0285
,湖南卫视,清洁用品,37,0.0187
,湖南卫视,药品,35,0.0176
,湖南卫视,家用电器,23,0.0116
,湖南卫视,交通,22,0.011
,湖南卫视,衣着,9,0.0044
,湖南卫视,金融/投资行业,7,0.0037
8,湖南卫视,饮料,868,0.3772
,湖南卫视,互联网,515,0.2241
,湖南卫视,化妆品/浴室用品,332,0.1446
,湖南卫视,邮电通讯,164,0.0711
,湖南卫视,药品,87,0.038
,湖南卫视,数码/电脑/办公用品,87,0.0376
,湖南卫视,食品,76,0.033
,湖南卫视,娱乐及休闲,59,0.0255
,湖南卫视,交通,52,0.0228
,湖南卫视,个人用品,52,0.0228
,湖南卫视,清洁用品,33,0.0145
,湖南卫视,家用电器,14,0.0061
,湖南卫视,衣着,11,0.0049
,湖南卫视,金融/投资行业,8,0.0036
,湖南卫视,酒类,4,0.0015
,湖南卫视,家居,1,0.0002
9,湖南卫视,饮料,923,0.3694
,湖南卫视,互联网,541,0.2165
,湖南卫视,化妆品/浴室用品,268,0.1074
,湖南卫视,邮电通讯,231,0.0926
,湖南卫视,食品,213,0.0853
,湖南卫视,清洁用品,99,0.0394
,湖南卫视,药品,69,0.0275
,湖南卫视,交通,64,0.0255
,湖南卫视,个人用品,44,0.0177
,湖南卫视,衣着,38,0.0153
,湖南卫视,家用电器,36,0.0144
,湖南卫视,娱乐及休闲,23,0.009
,湖南卫视,金融/投资行业,4,0.0017
,湖南卫视,数码/电脑/办公用品,3,0.0012
,湖南卫视,商业/服务性行业,1,0.0005
,湖南卫视,酒类,1,0.0002
10,湖南卫视,饮料,584,0.292
,湖南卫视,互联网,342,0.1708
,湖南卫视,药品,307,0.1533
,湖南卫视,邮电通讯,269,0.1343
,湖南卫视,化妆品/浴室用品,256,0.1281
,湖南卫视,食品,195,0.0976
,湖南卫视,交通,57,0.0286
,湖南卫视,家用电器,22,0.0109
,湖南卫视,衣着,14,0.0068
,湖南卫视,清洁用品,12,0.006
,湖南卫视,工业,2,0.0012
,湖南卫视,娱乐及休闲,1,0.0007
,湖南卫视,个人用品,0,0.0002
11,湖南卫视,互联网,406,0.2139
,湖南卫视,药品,354,0.1861
,湖南卫视,化妆品/浴室用品,351,0.1846
,湖南卫视,饮料,316,0.1662
,湖南卫视,邮电通讯,209,0.11
,湖南卫视,食品,192,0.1012
,湖南卫视,家用电器,55,0.0291
,湖南卫视,交通,39,0.0205
,湖南卫视,个人用品,11,0.0058
,湖南卫视,娱乐及休闲,2,0.0012
,湖南卫视,金融/投资行业,1,0.0005
,湖南卫视,数码/电脑/办公用品,1,0.0005
,湖南卫视,酒类,1,0.0003
,湖南卫视,清洁用品,1,0.0003
,湖南卫视,家居,0,0.0002
6,浙江卫视,饮料,737,0.3204
,浙江卫视,食品,389,0.1692
,浙江卫视,互联网,359,0.1561
,浙江卫视,邮电通讯,212,0.0922
,浙江卫视,化妆品/浴室用品,159,0.069
,浙江卫视,家用电器,107,0.0467
,浙江卫视,清洁用品,81,0.0354
,浙江卫视,交通,57,0.0249
,浙江卫视,酒类,51,0.0223
,浙江卫视,娱乐及休闲,51,0.0221
,浙江卫视,药品,33,0.0142
,浙江卫视,衣着,30,0.013
,浙江卫视,个人用品,23,0.0102
,浙江卫视,家居,15,0.0067
,浙江卫视,金融/投资行业,3,0.0011
,浙江卫视,商业/服务性行业,2,0.0011
7,浙江卫视,饮料,753,0.3276
,浙江卫视,互联网,284,0.1236
,浙江卫视,食品,249,0.1081
,浙江卫视,邮电通讯,233,0.1013
,浙江卫视,娱乐及休闲,175,0.0762
,浙江卫视,个人用品,143,0.0621
,浙江卫视,化妆品/浴室用品,135,0.0588
,浙江卫视,清洁用品,83,0.0361
,浙江卫视,数码/电脑/办公用品,76,0.0331
,浙江卫视,酒类,75,0.0328
,浙江卫视,家用电器,72,0.0311
,浙江卫视,交通,36,0.0158
,浙江卫视,商业/服务性行业,12,0.0054
,浙江卫视,家居,3,0.0014
,浙江卫视,金融/投资行业,3,0.0011
,浙江卫视,药品,2,0.0008
8,浙江卫视,饮料,767,0.3334
,浙江卫视,食品,319,0.1388
,浙江卫视,娱乐及休闲,201,0.0872
,浙江卫视,互联网,200,0.0869
,浙江卫视,化妆品/浴室用品,152,0.0659
,浙江卫视,个人用品,147,0.064
,浙江卫视,邮电通讯,116,0.0503
,浙江卫视,数码/电脑/办公用品,87,0.0377
,浙江卫视,清洁用品,86,0.0374
,浙江卫视,家用电器,69,0.0301
,浙江卫视,药品,62,0.0269
,浙江卫视,酒类,56,0.0243
,浙江卫视,交通,34,0.0148
,浙江卫视,家居,5,0.0021
,浙江卫视,金融/投资行业,3,0.0011
9,浙江卫视,饮料,715,0.3573
,浙江卫视,互联网,360,0.18
,浙江卫视,食品,251,0.1257
,浙江卫视,化妆品/浴室用品,134,0.0672
,浙江卫视,邮电通讯,120,0.0599
,浙江卫视,个人用品,83,0.0415
,浙江卫视,药品,69,0.0345
,浙江卫视,酒类,63,0.0315
,浙江卫视,家用电器,59,0.0297
,浙江卫视,清洁用品,54,0.0269
,浙江卫视,交通,33,0.0164
,浙江卫视,娱乐及休闲,29,0.0146
,浙江卫视,数码/电脑/办公用品,22,0.011
,浙江卫视,金融/投资行业,5,0.0026
,浙江卫视,家居,2,0.0011
10,浙江卫视,商业/服务性行业,1,0.0004
,浙江卫视,饮料,414,0.2436
,浙江卫视,互联网,383,0.2251
,浙江卫视,食品,247,0.1455
,浙江卫视,邮电通讯,216,0.1272
,浙江卫视,药品,144,0.0845
,浙江卫视,化妆品/浴室用品,89,0.0523
,浙江卫视,娱乐及休闲,72,0.0426
,浙江卫视,清洁用品,56,0.033
,浙江卫视,家用电器,50,0.0295
,浙江卫视,交通,31,0.018
,浙江卫视,酒类,17,0.01
,浙江卫视,家居,15,0.0088
,浙江卫视,金融/投资行业,3,0.0015
,浙江卫视,数码/电脑/办公用品,1,0.0009
11,浙江卫视,互联网,389,0.2045
,浙江卫视,药品,368,0.1939
,浙江卫视,饮料,340,0.1792
,浙江卫视,食品,270,0.1422
,浙江卫视,邮电通讯,193,0.1013
,浙江卫视,化妆品/浴室用品,109,0.0572
,浙江卫视,清洁用品,63,0.0334
,浙江卫视,娱乐及休闲,59,0.031
,浙江卫视,交通,51,0.0271
,浙江卫视,家用电器,47,0.0245
,浙江卫视,家居,18,0.0096
,浙江卫视,个人用品,15,0.0076
,浙江卫视,工业,5,0.0026
,浙江卫视,衣着,5,0.0026
,浙江卫视,金融/投资行业,1,0.0008
,浙江卫视,酒类,0,0.0003
6,东方卫视,饮料,913,0.3381
,东方卫视,药品,312,0.1156
,东方卫视,食品,311,0.1151
,东方卫视,邮电通讯,298,0.1103
,东方卫视,化妆品/浴室用品,217,0.0804
,东方卫视,互联网,169,0.0626
,东方卫视,娱乐及休闲,141,0.0521
,东方卫视,酒类,111,0.0413
,东方卫视,个人用品,90,0.0332
,东方卫视,交通,74,0.0273
,东方卫视,家用电器,65,0.0242
,东方卫视,清洁用品,14,0.0053
,东方卫视,家居,14,0.0052
,东方卫视,衣着,2,0.0007
,东方卫视,工业,2,0.0006
,东方卫视,房地产/建筑工程行业,1,0.0006
7,东方卫视,饮料,957,0.3546
,东方卫视,食品,381,0.141
,东方卫视,邮电通讯,331,0.1227
,东方卫视,药品,311,0.115
,东方卫视,化妆品/浴室用品,215,0.0796
,东方卫视,互联网,123,0.0457
,东方卫视,娱乐及休闲,122,0.0451
,东方卫视,酒类,113,0.042
,东方卫视,个人用品,93,0.0346
,东方卫视,交通,53,0.0196
,东方卫视,家用电器,47,0.0174
,东方卫视,清洁用品,31,0.0114
,东方卫视,工业,3,0.001
,东方卫视,家居,0,0.0002
,东方卫视,房地产/建筑工程行业,0,0.0001
8,东方卫视,饮料,993,0.3547
,东方卫视,食品,537,0.1918
,东方卫视,邮电通讯,254,0.0906
,东方卫视,化妆品/浴室用品,248,0.0885
,东方卫视,娱乐及休闲,219,0.0782
,东方卫视,药品,179,0.0638
,东方卫视,个人用品,90,0.0322
,东方卫视,互联网,85,0.0305
,东方卫视,酒类,65,0.0232
,东方卫视,家用电器,61,0.022
,东方卫视,清洁用品,50,0.018
,东方卫视,交通,48,0.0173
,东方卫视,金融/投资行业,13,0.0046
,东方卫视,家居,9,0.0033
,东方卫视,房地产/建筑工程行业,4,0.0013
,东方卫视,工业,2,0.0009
,东方卫视,商业/服务性行业,0,0.0001
9,东方卫视,饮料,596,0.2593
,东方卫视,食品,595,0.2587
,东方卫视,邮电通讯,233,0.1014
,东方卫视,娱乐及休闲,223,0.0969
,东方卫视,化妆品/浴室用品,218,0.0948
,东方卫视,家用电器,88,0.0385
,东方卫视,个人用品,85,0.0371
,东方卫视,互联网,79,0.0344
,东方卫视,金融/投资行业,64,0.0279
,东方卫视,交通,56,0.0244
,东方卫视,清洁用品,32,0.014
,东方卫视,衣着,20,0.0089
,东方卫视,酒类,15,0.0067
,东方卫视,家居,13,0.0055
,东方卫视,药品,12,0.005
,东方卫视,工业,2,0.0011
,东方卫视,商业/服务性行业,2,0.0009
10,东方卫视,食品,447,0.2352
,东方卫视,邮电通讯,269,0.1418
,东方卫视,饮料,252,0.1327
,东方卫视,酒类,174,0.0915
,东方卫视,化妆品/浴室用品,145,0.0761
,东方卫视,娱乐及休闲,117,0.0618
,东方卫视,药品,113,0.0592
,东方卫视,个人用品,89,0.047
,东方卫视,互联网,83,0.0439
,东方卫视,家用电器,68,0.0359
,东方卫视,交通,55,0.0289
,东方卫视,清洁用品,41,0.0214
,东方卫视,金融/投资行业,29,0.0153
,东方卫视,家居,28,0.0148
,东方卫视,衣着,19,0.0103
,东方卫视,工业,3,0.0015
,东方卫视,商业/服务性行业,2,0.0011
11,东方卫视,食品,425,0.193
,东方卫视,邮电通讯,313,0.1421
,东方卫视,饮料,274,0.1244
,东方卫视,药品,266,0.1208
,东方卫视,娱乐及休闲,241,0.1097
,东方卫视,酒类,164,0.0745
,东方卫视,化妆品/浴室用品,159,0.0725
,东方卫视,个人用品,92,0.0416
,东方卫视,互联网,77,0.035
,东方卫视,家用电器,69,0.0315
,东方卫视,交通,52,0.0235
,东方卫视,清洁用品,33,0.0149
,东方卫视,家居,27,0.0123
,东方卫视,金融/投资行业,9,0.0043
,东方卫视,衣着,8,0.0037
,东方卫视,工业,6,0.0028
,东方卫视,商业/服务性行业,5,0.0024
,东方卫视,数码/电脑/办公用品,1,0.0002
6,江苏卫视,食品,1060,0.2465
,江苏卫视,饮料,1034,0.2405
,江苏卫视,药品,726,0.1689
,江苏卫视,衣着,421,0.0979
,江苏卫视,酒类,257,0.0598
,江苏卫视,化妆品/浴室用品,188,0.0437
,江苏卫视,邮电通讯,147,0.0342
,江苏卫视,家居,110,0.0256
,江苏卫视,清洁用品,102,0.0238
,江苏卫视,交通,80,0.0186
,江苏卫视,家用电器,56,0.013
,江苏卫视,互联网,51,0.0118
,江苏卫视,娱乐及休闲,27,0.0063
,江苏卫视,商业/服务性行业,22,0.0052
,江苏卫视,金融/投资行业,12,0.0029
,江苏卫视,个人用品,8,0.0019
,江苏卫视,工业,1,0.0003
7,江苏卫视,饮料,1129,0.2972
,江苏卫视,药品,732,0.1925
,江苏卫视,衣着,483,0.127
,江苏卫视,食品,462,0.1217
,江苏卫视,酒类,282,0.0743
,江苏卫视,化妆品/浴室用品,178,0.0468
,江苏卫视,互联网,162,0.0426
,江苏卫视,娱乐及休闲,92,0.0241
,江苏卫视,家居,73,0.0191
,江苏卫视,清洁用品,65,0.0171
,江苏卫视,交通,59,0.0154
,江苏卫视,家用电器,48,0.0126
,江苏卫视,商业/服务性行业,45,0.0118
,江苏卫视,个人用品,23,0.0061
,江苏卫视,金融/投资行业,13,0.0033
,江苏卫视,邮电通讯,11,0.0029
,江苏卫视,工业,1,0.0003
,江苏卫视,数码/电脑/办公用品,1,0.0003
8,江苏卫视,饮料,1309,0.2975
,江苏卫视,食品,714,0.1624
,江苏卫视,药品,705,0.1602
,江苏卫视,衣着,466,0.1058
,江苏卫视,娱乐及休闲,264,0.0599
,江苏卫视,酒类,250,0.0568
,江苏卫视,化妆品/浴室用品,206,0.0469
,江苏卫视,互联网,155,0.0353
,江苏卫视,清洁用品,79,0.0179
,江苏卫视,交通,74,0.0169
,江苏卫视,家用电器,63,0.0144
,江苏卫视,家居,50,0.0115
,江苏卫视,商业/服务性行业,42,0.0095
,江苏卫视,个人用品,24,0.0054
,江苏卫视,金融/投资行业,15,0.0033
,江苏卫视,工业,2,0.0004
,江苏卫视,数码/电脑/办公用品,1,0.0001
,江苏卫视,房地产/建筑工程行业,0,0.0001
9,江苏卫视,饮料,1010,0.2405
,江苏卫视,食品,815,0.194
,江苏卫视,药品,785,0.1869
,江苏卫视,衣着,583,0.1389
,江苏卫视,互联网,316,0.0752
,江苏卫视,酒类,265,0.063
,江苏卫视,化妆品/浴室用品,127,0.0302
,江苏卫视,娱乐及休闲,94,0.0225
,江苏卫视,交通,64,0.0152
,江苏卫视,家居,45,0.0106
,江苏卫视,家用电器,42,0.01
,江苏卫视,清洁用品,40,0.0096
,江苏卫视,个人用品,20,0.0047
,江苏卫视,金融/投资行业,12,0.0029
,江苏卫视,商业/服务性行业,3,0.0008
,江苏卫视,工业,1,0.0003
,江苏卫视,数码/电脑/办公用品,0,0.0001
10,江苏卫视,药品,893,0.2413
,江苏卫视,食品,816,0.2205
,江苏卫视,衣着,627,0.1695
,江苏卫视,饮料,584,0.1578
,江苏卫视,酒类,270,0.0729
,江苏卫视,互联网,167,0.0452
,江苏卫视,化妆品/浴室用品,135,0.0366
,江苏卫视,交通,109,0.0294
,江苏卫视,家居,37,0.01
,江苏卫视,家用电器,36,0.0096
,江苏卫视,清洁用品,33,0.009
,江苏卫视,金融/投资行业,29,0.0077
,江苏卫视,娱乐及休闲,23,0.0062
,江苏卫视,个人用品,16,0.0042
,江苏卫视,邮电通讯,15,0.0042
,江苏卫视,房地产/建筑工程行业,3,0.0009
,江苏卫视,工业,1,0.0003
,江苏卫视,数码/电脑/办公用品,1,0.0002
11,江苏卫视,药品,969,0.262
,江苏卫视,食品,862,0.2328
,江苏卫视,饮料,562,0.1519
,江苏卫视,衣着,441,0.1192
,江苏卫视,酒类,384,0.1039
,江苏卫视,互联网,168,0.0454
,江苏卫视,化妆品/浴室用品,107,0.029
,江苏卫视,交通,66,0.0178
,江苏卫视,家用电器,46,0.0124
,江苏卫视,家居,43,0.0115
,江苏卫视,个人用品,28,0.0077
,江苏卫视,娱乐及休闲,26,0.0071
,江苏卫视,金融/投资行业,18,0.0049
,江苏卫视,清洁用品,17,0.0047
,江苏卫视,邮电通讯,15,0.0041
,江苏卫视,商业/服务性行业,6,0.0017
,江苏卫视,房地产/建筑工程行业,2,0.0005
,江苏卫视,工业,1,0.0003
6,北京卫视,饮料,496,0.2155
,北京卫视,食品,426,0.1852
,北京卫视,药品,294,0.1279
,北京卫视,化妆品/浴室用品,272,0.1181
,北京卫视,衣着,227,0.0987
,北京卫视,酒类,97,0.0422
,北京卫视,农业,79,0.0344
,北京卫视,交通,73,0.0318
,北京卫视,清洁用品,73,0.0316
,北京卫视,互联网,54,0.0236
,北京卫视,娱乐及休闲,48,0.0207
,北京卫视,商业/服务性行业,41,0.0179
,北京卫视,金融/投资行业,28,0.0123
,北京卫视,家居,27,0.0119
,北京卫视,邮电通讯,25,0.0108
,北京卫视,家用电器,21,0.009
,北京卫视,数码/电脑/办公用品,9,0.0041
,北京卫视,房地产/建筑工程行业,7,0.0032
,北京卫视,个人用品,3,0.0012
7,北京卫视,饮料,565,0.269
,北京卫视,药品,300,0.143
,北京卫视,食品,222,0.1058
,北京卫视,化妆品/浴室用品,219,0.1043
,北京卫视,互联网,194,0.0925
,北京卫视,衣着,193,0.0919
,北京卫视,酒类,121,0.0575
,北京卫视,农业,82,0.039
,北京卫视,娱乐及休闲,55,0.026
,北京卫视,商业/服务性行业,34,0.0164
,北京卫视,金融/投资行业,31,0.0146
,北京卫视,清洁用品,28,0.0136
,北京卫视,交通,25,0.0118
,北京卫视,邮电通讯,20,0.0095
,北京卫视,家居,16,0.0078
,北京卫视,家用电器,9,0.0043
,北京卫视,数码/电脑/办公用品,2,0.001
,北京卫视,房地产/建筑工程行业,1,0.0005
,北京卫视,个人用品,0,0.0001
8,北京卫视,食品,453,0.1968
,北京卫视,化妆品/浴室用品,369,0.1603
,北京卫视,饮料,364,0.1581
,北京卫视,药品,245,0.1064
,北京卫视,娱乐及休闲,217,0.0946
,北京卫视,互联网,187,0.0813
,北京卫视,衣着,149,0.0649
,北京卫视,清洁用品,111,0.0482
,北京卫视,酒类,98,0.0427
,北京卫视,农业,82,0.0357
,北京卫视,家用电器,21,0.0093
,北京卫视,金融/投资行业,19,0.0081
,北京卫视,交通,10,0.0043
,北京卫视,商业/服务性行业,8,0.0034
,北京卫视,房地产/建筑工程行业,2,0.001
,北京卫视,个人用品,0,0.0001
9,北京卫视,食品,443,0.1702
,北京卫视,药品,379,0.1457
,北京卫视,饮料,374,0.1438
,北京卫视,化妆品/浴室用品,335,0.1288
,北京卫视,衣着,296,0.1139
,北京卫视,清洁用品,264,0.1017
,北京卫视,互联网,148,0.057
,北京卫视,娱乐及休闲,146,0.0562
,北京卫视,酒类,93,0.0357
,北京卫视,农业,83,0.0321
,北京卫视,家用电器,48,0.0186
,北京卫视,金融/投资行业,24,0.0092
,北京卫视,交通,16,0.0062
,北京卫视,商业/服务性行业,8,0.003
,北京卫视,房地产/建筑工程行业,4,0.0015
,北京卫视,个人用品,0,0.0002
10,北京卫视,食品,623,0.2148
,北京卫视,化妆品/浴室用品,373,0.1288
,北京卫视,药品,370,0.1277
,北京卫视,衣着,354,0.1221
,北京卫视,饮料,347,0.1195
,北京卫视,清洁用品,325,0.1122
,北京卫视,互联网,150,0.0517
,北京卫视,家用电器,119,0.0411
,北京卫视,农业,112,0.0385
,北京卫视,酒类,89,0.0307
,北京卫视,娱乐及休闲,33,0.0115
,北京卫视,金融/投资行业,20,0.0069
,北京卫视,邮电通讯,19,0.0066
,北京卫视,交通,8,0.0028
,北京卫视,商业/服务性行业,8,0.0028
,北京卫视,家居,4,0.0014
,北京卫视,房地产/建筑工程行业,3,0.001
11,北京卫视,食品,691,0.2159
,北京卫视,药品,594,0.1855
,北京卫视,饮料,392,0.1225
,北京卫视,酒类,385,0.1204
,北京卫视,化妆品/浴室用品,264,0.0826
,北京卫视,清洁用品,248,0.0776
,北京卫视,互联网,206,0.0645
,北京卫视,衣着,149,0.0465
,北京卫视,农业,120,0.0376
,北京卫视,家用电器,119,0.0371
,北京卫视,金融/投资行业,24,0.0075
,北京卫视,个人用品,22,0.0069
,北京卫视,邮电通讯,22,0.0069
,北京卫视,交通,11,0.0034
,北京卫视,商业/服务性行业,10,0.0032
,北京卫视,娱乐及休闲,3,0.0009
,北京卫视,房地产/建筑工程行业,2,0.0007
,北京卫视,数码/电脑/办公用品,0,0.0001
6,安徽卫视,饮料,999,0.2776
,安徽卫视,药品,786,0.2182
,安徽卫视,衣着,583,0.162
,安徽卫视,食品,537,0.1491
,安徽卫视,酒类,388,0.1077
,安徽卫视,互联网,103,0.0287
,安徽卫视,商业/服务性行业,96,0.0267
,安徽卫视,化妆品/浴室用品,46,0.0127
,安徽卫视,清洁用品,34,0.0096
,安徽卫视,农业,28,0.0078
,安徽卫视,娱乐及休闲,19,0.0054
,安徽卫视,邮电通讯,18,0.0051
,安徽卫视,家居,16,0.0046
,安徽卫视,家用电器,9,0.0024
,安徽卫视,金融/投资行业,5,0.0013
,安徽卫视,个人用品,1,0.0002
7,安徽卫视,饮料,1049,0.3086
,安徽卫视,药品,712,0.2095
,安徽卫视,衣着,560,0.1648
,安徽卫视,酒类,399,0.1175
,安徽卫视,食品,370,0.109
,安徽卫视,商业/服务性行业,109,0.032
,安徽卫视,家用电器,76,0.0224
,安徽卫视,化妆品/浴室用品,34,0.0101
,安徽卫视,农业,28,0.0083
,安徽卫视,邮电通讯,18,0.0052
,安徽卫视,家居,17,0.0051
,安徽卫视,娱乐及休闲,13,0.0039
,安徽卫视,清洁用品,11,0.0032
,安徽卫视,互联网,4,0.0011
,安徽卫视,金融/投资行业,1,0.0004
,安徽卫视,个人用品,0,0.0001
8,安徽卫视,饮料,1035,0.2588
,安徽卫视,药品,752,0.1881
,安徽卫视,食品,625,0.1563
,安徽卫视,衣着,561,0.1401
,安徽卫视,酒类,368,0.0919
,安徽卫视,娱乐及休闲,265,0.0663
,安徽卫视,家用电器,136,0.0339
,安徽卫视,家居,111,0.0278
,安徽卫视,商业/服务性行业,109,0.0272
,安徽卫视,化妆品/浴室用品,50,0.0124
,安徽卫视,农业,44,0.011
,安徽卫视,交通,25,0.0064
,安徽卫视,邮电通讯,5,0.0012
,安徽卫视,互联网,2,0.0006
,安徽卫视,个人用品,2,0.0004
,安徽卫视,清洁用品,0,0.0001
,安徽卫视,金融/投资行业,0,0
9,安徽卫视,饮料,902,0.2313
,安徽卫视,药品,880,0.2257
,安徽卫视,食品,582,0.1491
,安徽卫视,衣着,575,0.1475
,安徽卫视,酒类,356,0.0912
,安徽卫视,娱乐及休闲,270,0.0693
,安徽卫视,商业/服务性行业,107,0.0273
,安徽卫视,家居,83,0.0213
,安徽卫视,家用电器,79,0.0202
,安徽卫视,农业,49,0.0125
,安徽卫视,化妆品/浴室用品,43,0.011
,安徽卫视,交通,34,0.0086
,安徽卫视,互联网,2,0.0006
,安徽卫视,个人用品,0,0.0001
10,安徽卫视,药品,1075,0.3073
,安徽卫视,酒类,596,0.1704
,安徽卫视,衣着,571,0.1631
,安徽卫视,饮料,465,0.1329
,安徽卫视,食品,427,0.122
,安徽卫视,商业/服务性行业,108,0.031
,安徽卫视,娱乐及休闲,97,0.0278
,安徽卫视,家用电器,68,0.0194
,安徽卫视,化妆品/浴室用品,42,0.012
,安徽卫视,农业,27,0.0078
,安徽卫视,家居,24,0.0069
,安徽卫视,互联网,24,0.0069
,安徽卫视,交通,15,0.0044
11,安徽卫视,药品,1205,0.3348
,安徽卫视,酒类,604,0.1677
,安徽卫视,食品,563,0.1564
,安徽卫视,衣着,540,0.1499
,安徽卫视,饮料,423,0.1175
,安徽卫视,商业/服务性行业,105,0.0291
,安徽卫视,化妆品/浴室用品,49,0.0137
,安徽卫视,互联网,36,0.0101
,安徽卫视,农业,25,0.0069
,安徽卫视,娱乐及休闲,24,0.0067
,安徽卫视,家用电器,17,0.0047
,安徽卫视,家居,17,0.0046
,安徽卫视,交通,2,0.0005
6,山东卫视,饮料,1941,0.3406
,山东卫视,药品,1442,0.2529
,山东卫视,衣着,582,0.1021
,山东卫视,化妆品/浴室用品,524,0.0919
,山东卫视,食品,479,0.0841
,山东卫视,商业/服务性行业,306,0.0537
,山东卫视,酒类,226,0.0397
,山东卫视,家用电器,99,0.0173
,山东卫视,清洁用品,64,0.0112
,山东卫视,娱乐及休闲,42,0.0073
,山东卫视,互联网,39,0.0068
,山东卫视,金融/投资行业,10,0.0017
,山东卫视,交通,8,0.0014
,山东卫视,农业,8,0.0014
,山东卫视,个人用品,4,0.0006
,山东卫视,家居,2,0.0003
,山东卫视,房地产/建筑工程行业,1,0.0001
7,山东卫视,饮料,2007,0.386
,山东卫视,药品,1258,0.2419
,山东卫视,食品,772,0.1485
,山东卫视,化妆品/浴室用品,483,0.0929
,山东卫视,商业/服务性行业,354,0.0681
,山东卫视,酒类,236,0.0454
,山东卫视,娱乐及休闲,27,0.0052
,山东卫视,衣着,23,0.0044
,山东卫视,家用电器,21,0.004
,山东卫视,农业,16,0.0031
,山东卫视,互联网,13,0.0025
,山东卫视,清洁用品,11,0.0022
,山东卫视,金融/投资行业,10,0.002
,山东卫视,个人用品,4,0.0009
,山东卫视,交通,2,0.0005
,山东卫视,家居,1,0.0002
,山东卫视,数码/电脑/办公用品,1,0.0001
8,山东卫视,饮料,1155,0.2511
,山东卫视,药品,1042,0.2265
,山东卫视,化妆品/浴室用品,811,0.1763
,山东卫视,食品,716,0.1557
,山东卫视,商业/服务性行业,326,0.0709
,山东卫视,酒类,240,0.0522
,山东卫视,娱乐及休闲,201,0.0438
,山东卫视,农业,39,0.0085
,山东卫视,家用电器,31,0.0068
,山东卫视,交通,29,0.0064
,山东卫视,清洁用品,18,0.0038
,山东卫视,互联网,15,0.0032
,山东卫视,金融/投资行业,10,0.0022
,山东卫视,个人用品,5,0.0011
,山东卫视,家居,2,0.0004
9,山东卫视,药品,1140,0.2651
,山东卫视,饮料,978,0.2273
,山东卫视,食品,866,0.2014
,山东卫视,化妆品/浴室用品,499,0.116
,山东卫视,酒类,244,0.0568
,山东卫视,商业/服务性行业,244,0.0567
,山东卫视,娱乐及休闲,176,0.0408
,山东卫视,清洁用品,101,0.0235
,山东卫视,家用电器,58,0.0134
,山东卫视,交通,32,0.0074
,山东卫视,农业,21,0.0049
,山东卫视,金融/投资行业,10,0.0023
,山东卫视,个人用品,5,0.0011
,山东卫视,房地产/建筑工程行业,2,0.0006
,山东卫视,家居,2,0.0005
,山东卫视,互联网,1,0.0003
,山东卫视,数码/电脑/办公用品,1,0.0001
10,山东卫视,药品,1008,0.2521
,山东卫视,食品,946,0.2364
,山东卫视,饮料,773,0.1933
,山东卫视,化妆品/浴室用品,482,0.1204
,山东卫视,酒类,338,0.0844
,山东卫视,商业/服务性行业,203,0.0507
,山东卫视,娱乐及休闲,68,0.0169
,山东卫视,家用电器,55,0.0137
,山东卫视,清洁用品,50,0.0126
,山东卫视,交通,29,0.0072
,山东卫视,互联网,16,0.0039
,山东卫视,农业,16,0.0039
,山东卫视,金融/投资行业,11,0.0027
,山东卫视,个人用品,5,0.0014
,山东卫视,衣着,5,0.0013
,山东卫视,家居,1,0.0003
11,山东卫视,食品,1369,0.326
,山东卫视,药品,956,0.2276
,山东卫视,饮料,720,0.1715
,山东卫视,化妆品/浴室用品,516,0.1227
,山东卫视,酒类,270,0.0643
,山东卫视,商业/服务性行业,187,0.0446
,山东卫视,清洁用品,73,0.0175
,山东卫视,家用电器,44,0.0105
,山东卫视,娱乐及休闲,19,0.0046
,山东卫视,互联网,19,0.0045
,山东卫视,交通,17,0.0041
,山东卫视,金融/投资行业,12,0.0028
,山东卫视,农业,8,0.0019
,山东卫视,家居,1,0.0003
,山东卫视,衣着,1,0.0002
,山东卫视,个人用品,1,0.0001
6,深圳卫视,饮料,1338,0.5144
,深圳卫视,食品,343,0.1319
,深圳卫视,化妆品/浴室用品,270,0.104
,深圳卫视,药品,169,0.065
,深圳卫视,家居,159,0.0611
,深圳卫视,娱乐及休闲,123,0.0473
,深圳卫视,清洁用品,87,0.0335
,深圳卫视,交通,56,0.0215
,深圳卫视,互联网,24,0.0094
,深圳卫视,数码/电脑/办公用品,20,0.0077
,深圳卫视,酒类,13,0.0048
,深圳卫视,房地产/建筑工程行业,8,0.0032
,深圳卫视,工业,5,0.0019
,深圳卫视,商业/服务性行业,3,0.0013
,深圳卫视,邮电通讯,2,0.0008
,深圳卫视,个人用品,2,0.0006
,深圳卫视,家用电器,1,0.0004
7,深圳卫视,饮料,1952,0.6507
,深圳卫视,食品,267,0.0889
,深圳卫视,互联网,224,0.0748
,深圳卫视,药品,148,0.0492
,深圳卫视,化妆品/浴室用品,132,0.044
,深圳卫视,娱乐及休闲,111,0.037
,深圳卫视,清洁用品,95,0.0315
,深圳卫视,数码/电脑/办公用品,93,0.031
,深圳卫视,家居,10,0.0035
,深圳卫视,交通,7,0.0024
,深圳卫视,房地产/建筑工程行业,7,0.0024
,深圳卫视,酒类,7,0.0022
,深圳卫视,商业/服务性行业,4,0.0012
,深圳卫视,个人用品,3,0.001
,深圳卫视,邮电通讯,2,0.0008
8,深圳卫视,饮料,1683,0.51
,深圳卫视,化妆品/浴室用品,462,0.1401
,深圳卫视,互联网,288,0.0872
,深圳卫视,食品,285,0.0865
,深圳卫视,药品,244,0.074
,深圳卫视,数码/电脑/办公用品,227,0.0687
,深圳卫视,清洁用品,95,0.0287
,深圳卫视,娱乐及休闲,62,0.0188
,深圳卫视,家居,10,0.0032
,深圳卫视,房地产/建筑工程行业,6,0.0019
,深圳卫视,工业,5,0.0015
,深圳卫视,商业/服务性行业,3,0.001
,深圳卫视,交通,3,0.001
,深圳卫视,酒类,2,0.0006
9,深圳卫视,饮料,1283,0.3887
,深圳卫视,化妆品/浴室用品,399,0.1208
,深圳卫视,药品,370,0.1122
,深圳卫视,食品,300,0.0908
,深圳卫视,交通,284,0.0861
,深圳卫视,数码/电脑/办公用品,186,0.0562
,深圳卫视,互联网,185,0.0561
,深圳卫视,衣着,131,0.0397
,深圳卫视,清洁用品,90,0.0272
,深圳卫视,娱乐及休闲,46,0.014
,深圳卫视,家居,10,0.003
,深圳卫视,家用电器,9,0.0026
,深圳卫视,金融/投资行业,6,0.0018
,深圳卫视,房地产/建筑工程行业,5,0.0015
,深圳卫视,商业/服务性行业,3,0.001
,深圳卫视,酒类,1,0.0005
10,深圳卫视,化妆品/浴室用品,603,0.232
,深圳卫视,食品,567,0.2181
,深圳卫视,饮料,421,0.1619
,深圳卫视,药品,296,0.1138
,深圳卫视,交通,195,0.075
,深圳卫视,数码/电脑/办公用品,148,0.057
,深圳卫视,衣着,110,0.0425
,深圳卫视,互联网,110,0.0422
,深圳卫视,清洁用品,92,0.0353
,深圳卫视,娱乐及休闲,36,0.014
,深圳卫视,家居,10,0.004
,深圳卫视,房地产/建筑工程行业,4,0.0015
,深圳卫视,邮电通讯,3,0.0012
,深圳卫视,金融/投资行业,2,0.001
,深圳卫视,商业/服务性行业,2,0.0006
,深圳卫视,酒类,1,0.0004
11,深圳卫视,食品,736,0.3346
,深圳卫视,饮料,419,0.1906
,深圳卫视,化妆品/浴室用品,335,0.1522
,深圳卫视,药品,275,0.1251
,深圳卫视,衣着,138,0.0627
,深圳卫视,清洁用品,88,0.0399
,深圳卫视,数码/电脑/办公用品,65,0.0297
,深圳卫视,交通,63,0.0285
,深圳卫视,娱乐及休闲,46,0.0211
,深圳卫视,家居,17,0.0077
,深圳卫视,家用电器,10,0.0048
,深圳卫视,互联网,10,0.0044
,深圳卫视,邮电通讯,7,0.0032
,深圳卫视,个人用品,3,0.0014
,深圳卫视,金融/投资行业,2,0.0011
,深圳卫视,房地产/建筑工程行业,2,0.0009
,深圳卫视,商业/服务性行业,1,0.0006
6,江西卫视,饮料,405,0.3679
,江西卫视,药品,262,0.2383
,江西卫视,化妆品/浴室用品,170,0.1542
,江西卫视,食品,102,0.0924
,江西卫视,娱乐及休闲,90,0.0822
,江西卫视,清洁用品,48,0.0441
,江西卫视,互联网,35,0.0314
,江西卫视,商业/服务性行业,29,0.0263
,江西卫视,酒类,19,0.0175
,江西卫视,家居,1,0.0011
,江西卫视,家用电器,1,0.0005
,江西卫视,房地产/建筑工程行业,1,0.0005
,江西卫视,个人用品,1,0.0005
7,江西卫视,药品,658,0.4114
,江西卫视,饮料,479,0.2993
,江西卫视,食品,264,0.165
,江西卫视,化妆品/浴室用品,91,0.0571
,江西卫视,娱乐及休闲,59,0.0366
,江西卫视,清洁用品,50,0.0311
,江西卫视,互联网,35,0.0219
,江西卫视,酒类,20,0.0126
,江西卫视,商业/服务性行业,8,0.005
,江西卫视,金融/投资行业,8,0.0049
,江西卫视,家居,3,0.002
,江西卫视,数码/电脑/办公用品,1,0.0004
8,江西卫视,药品,533,0.3133
,江西卫视,饮料,501,0.2946
,江西卫视,食品,408,0.2397
,江西卫视,化妆品/浴室用品,148,0.0873
,江西卫视,娱乐及休闲,65,0.038
,江西卫视,清洁用品,49,0.0287
,江西卫视,商业/服务性行业,18,0.0106
,江西卫视,酒类,15,0.0091
,江西卫视,家居,4,0.0021
,江西卫视,金融/投资行业,3,0.0018
9,江西卫视,食品,470,0.3356
,江西卫视,药品,418,0.2986
,江西卫视,饮料,387,0.2762
,江西卫视,娱乐及休闲,114,0.0812
,江西卫视,清洁用品,48,0.0342
,江西卫视,酒类,24,0.0175
,江西卫视,商业/服务性行业,17,0.0122
,江西卫视,化妆品/浴室用品,11,0.0078
,江西卫视,房地产/建筑工程行业,2,0.0012
,江西卫视,个人用品,1,0.0011
,江西卫视,农业,1,0.0009
,江西卫视,家用电器,0,0.0001
10,江西卫视,药品,699,0.4662
,江西卫视,食品,324,0.2159
,江西卫视,饮料,249,0.1663
,江西卫视,娱乐及休闲,100,0.0664
,江西卫视,酒类,51,0.0338
,江西卫视,清洁用品,49,0.0329
,江西卫视,化妆品/浴室用品,32,0.0217
,江西卫视,商业/服务性行业,17,0.0113
,江西卫视,个人用品,11,0.0075
,江西卫视,金融/投资行业,5,0.003
,江西卫视,农业,2,0.0017
,江西卫视,家用电器,1,0.001
,江西卫视,互联网,1,0.0005
11,江西卫视,药品,803,0.5017
,江西卫视,食品,266,0.1662
,江西卫视,饮料,208,0.1301
,江西卫视,化妆品/浴室用品,131,0.082
,江西卫视,娱乐及休闲,86,0.0539
,江西卫视,清洁用品,47,0.0296
,江西卫视,酒类,45,0.028
,江西卫视,商业/服务性行业,21,0.0132
,江西卫视,金融/投资行业,11,0.0069
,江西卫视,个人用品,11,0.0067
,江西卫视,家居,2,0.0014
,江西卫视,家用电器,1,0.0004
6,天津卫视,饮料,1277,0.3451
,天津卫视,食品,1056,0.2853
,天津卫视,化妆品/浴室用品,484,0.1308
,天津卫视,药品,328,0.0886
,天津卫视,商业/服务性行业,282,0.0762
,天津卫视,家居,206,0.0556
,天津卫视,衣着,75,0.0203
,天津卫视,互联网,44,0.0118
,天津卫视,娱乐及休闲,22,0.0061
,天津卫视,金融/投资行业,5,0.0014
,天津卫视,房地产/建筑工程行业,2,0.0005
7,天津卫视,饮料,1124,0.3512
,天津卫视,化妆品/浴室用品,599,0.1873
,天津卫视,食品,525,0.1641
,天津卫视,药品,454,0.1419
,天津卫视,商业/服务性行业,320,0.1
,天津卫视,娱乐及休闲,151,0.0472
,天津卫视,互联网,56,0.0174
,天津卫视,金融/投资行业,6,0.0018
,天津卫视,衣着,2,0.0006
8,天津卫视,饮料,1080,0.3601
,天津卫视,食品,653,0.2177
,天津卫视,药品,574,0.1912
,天津卫视,化妆品/浴室用品,388,0.1293
,天津卫视,商业/服务性行业,292,0.0973
,天津卫视,娱乐及休闲,56,0.0186
,天津卫视,互联网,36,0.0119
,天津卫视,金融/投资行业,6,0.0019
,天津卫视,个人用品,1,0.0004
,天津卫视,酒类,1,0.0004
,天津卫视,家用电器,1,0.0003
,天津卫视,家居,1,0.0002
9,天津卫视,食品,583,0.3641
,天津卫视,饮料,399,0.2491
,天津卫视,商业/服务性行业,241,0.1508
,天津卫视,化妆品/浴室用品,221,0.138
,天津卫视,药品,128,0.0801
,天津卫视,娱乐及休闲,41,0.0254
,天津卫视,互联网,14,0.009
,天津卫视,金融/投资行业,5,0.0034
,天津卫视,酒类,1,0.0005
10,天津卫视,食品,939,0.4085
,天津卫视,化妆品/浴室用品,361,0.157
,天津卫视,饮料,264,0.1147
,天津卫视,商业/服务性行业,249,0.1083
,天津卫视,家用电器,239,0.1039
,天津卫视,娱乐及休闲,156,0.0678
,天津卫视,药品,84,0.0363
,天津卫视,金融/投资行业,6,0.0025
,天津卫视,衣着,3,0.0013
,天津卫视,互联网,1,0.0003
,天津卫视,个人用品,1,0.0003
,天津卫视,酒类,0,0.0001
11,天津卫视,食品,1612,0.5558
,天津卫视,饮料,617,0.2128
,天津卫视,化妆品/浴室用品,256,0.0882
,天津卫视,商业/服务性行业,240,0.0829
,天津卫视,药品,58,0.0201
,天津卫视,娱乐及休闲,47,0.0161
,天津卫视,家用电器,25,0.0087
,天津卫视,衣着,21,0.0072
,天津卫视,个人用品,15,0.0052
,天津卫视,互联网,13,0.0046
,天津卫视,酒类,11,0.0036
,天津卫视,金融/投资行业,6,0.0019
6,湖北卫视,饮料,1021,0.3521
,湖北卫视,食品,768,0.2649
,湖北卫视,化妆品/浴室用品,321,0.1107
,湖北卫视,药品,296,0.102
,湖北卫视,家居,194,0.0668
,湖北卫视,酒类,139,0.048
,湖北卫视,互联网,77,0.0267
,湖北卫视,衣着,54,0.0187
,湖北卫视,娱乐及休闲,33,0.0114
,湖北卫视,邮电通讯,25,0.0087
,湖北卫视,交通,6,0.0019
,湖北卫视,农业,5,0.0019
,湖北卫视,商业/服务性行业,4,0.0013
7,湖北卫视,饮料,1386,0.4473
,湖北卫视,食品,758,0.2444
,湖北卫视,互联网,292,0.0943
,湖北卫视,药品,272,0.0879
,湖北卫视,化妆品/浴室用品,206,0.0664
,湖北卫视,酒类,134,0.0433
,湖北卫视,衣着,50,0.016
,湖北卫视,娱乐及休闲,26,0.0085
,湖北卫视,商业/服务性行业,7,0.0022
,湖北卫视,农业,6,0.0018
,湖北卫视,交通,5,0.0015
,湖北卫视,家居,2,0.0005
,湖北卫视,数码/电脑/办公用品,1,0.0002
,湖北卫视,房地产/建筑工程行业,1,0.0002
8,湖北卫视,饮料,1280,0.3658
,湖北卫视,食品,1018,0.291
,湖北卫视,药品,402,0.115
,湖北卫视,化妆品/浴室用品,352,0.1006
,湖北卫视,互联网,251,0.0717
,湖北卫视,酒类,151,0.043
,湖北卫视,娱乐及休闲,52,0.0148
,湖北卫视,房地产/建筑工程行业,35,0.0101
,湖北卫视,衣着,33,0.0093
,湖北卫视,商业/服务性行业,5,0.0015
,湖北卫视,个人用品,3,0.0009
,湖北卫视,交通,3,0.0008
,湖北卫视,家居,1,0.0003
,湖北卫视,数码/电脑/办公用品,0,0.0001
,湖北卫视,农业,0,0
9,湖北卫视,饮料,1313,0.3368
,湖北卫视,食品,1261,0.3233
,湖北卫视,药品,461,0.1183
,湖北卫视,化妆品/浴室用品,314,0.0804
,湖北卫视,互联网,262,0.0671
,湖北卫视,酒类,204,0.0523
,湖北卫视,娱乐及休闲,56,0.0145
,湖北卫视,衣着,30,0.0077
,湖北卫视,房地产/建筑工程行业,13,0.0035
,湖北卫视,农业,3,0.0007
,湖北卫视,个人用品,1,0.0003
,湖北卫视,商业/服务性行业,1,0.0003
,湖北卫视,家居,1,0.0003
,湖北卫视,家用电器,0,0.0001
,湖北卫视,交通,0,0
10,湖北卫视,食品,1535,0.3744
,湖北卫视,饮料,651,0.1587
,湖北卫视,化妆品/浴室用品,557,0.1359
,湖北卫视,药品,496,0.1209
,湖北卫视,互联网,417,0.1016
,湖北卫视,酒类,184,0.0449
,湖北卫视,家用电器,151,0.0368
,湖北卫视,娱乐及休闲,71,0.0174
,湖北卫视,衣着,59,0.0143
,湖北卫视,数码/电脑/办公用品,3,0.0007
,湖北卫视,农业,3,0.0006
,湖北卫视,金融/投资行业,1,0.0002
,湖北卫视,邮电通讯,0,0.0001
,湖北卫视,交通,0,0.0001
,湖北卫视,个人用品,0,0
11,湖北卫视,食品,1148,0.328
,湖北卫视,化妆品/浴室用品,908,0.2595
,湖北卫视,药品,518,0.148
,湖北卫视,饮料,452,0.129
,湖北卫视,互联网,287,0.0821
,湖北卫视,酒类,173,0.0495
,湖北卫视,娱乐及休闲,52,0.0149
,湖北卫视,衣着,31,0.0089
,湖北卫视,家用电器,10,0.0029
,湖北卫视,农业,3,0.0007
,湖北卫视,数码/电脑/办公用品,2,0.0006
,湖北卫视,交通,1,0.0003
,湖北卫视,家居,1,0.0002
6,贵州卫视,药品,831,0.2771
,贵州卫视,饮料,696,0.232
,贵州卫视,食品,597,0.1991
,贵州卫视,化妆品/浴室用品,343,0.1144
,贵州卫视,商业/服务性行业,246,0.0821
,贵州卫视,互联网,97,0.0322
,贵州卫视,交通,87,0.0289
,贵州卫视,娱乐及休闲,82,0.0274
,贵州卫视,酒类,69,0.0228
,贵州卫视,金融/投资行业,46,0.0152
,贵州卫视,农业,2,0.0008
,贵州卫视,家居,1,0.0004
,贵州卫视,个人用品,1,0.0004
,贵州卫视,清洁用品,1,0.0002
7,贵州卫视,饮料,962,0.3699
,贵州卫视,药品,629,0.2418
,贵州卫视,食品,312,0.1198
,贵州卫视,化妆品/浴室用品,287,0.1105
,贵州卫视,商业/服务性行业,253,0.0975
,贵州卫视,娱乐及休闲,88,0.034
,贵州卫视,酒类,81,0.0312
,贵州卫视,金融/投资行业,46,0.0176
,贵州卫视,互联网,24,0.0092
,贵州卫视,农业,2,0.001
,贵州卫视,个人用品,1,0.0002
8,贵州卫视,饮料,687,0.2988
,贵州卫视,药品,614,0.2671
,贵州卫视,食品,401,0.1744
,贵州卫视,化妆品/浴室用品,206,0.0898
,贵州卫视,商业/服务性行业,130,0.0564
,贵州卫视,酒类,94,0.0407
,贵州卫视,交通,93,0.0403
,贵州卫视,娱乐及休闲,84,0.0366
,贵州卫视,金融/投资行业,47,0.0206
,贵州卫视,互联网,24,0.0103
,贵州卫视,个人用品,1,0.0003
,贵州卫视,家用电器,0,0.0002
9,贵州卫视,药品,610,0.321
,贵州卫视,食品,484,0.2548
,贵州卫视,化妆品/浴室用品,389,0.205
,贵州卫视,饮料,317,0.167
,贵州卫视,酒类,64,0.0337
,贵州卫视,金融/投资行业,45,0.0239
,贵州卫视,娱乐及休闲,33,0.0175
,贵州卫视,商业/服务性行业,33,0.0172
,贵州卫视,互联网,12,0.0062
,贵州卫视,个人用品,2,0.001
,贵州卫视,农业,1,0.0008
,贵州卫视,家用电器,0,0
10,贵州卫视,食品,813,0.4065
,贵州卫视,药品,449,0.2247
,贵州卫视,饮料,351,0.1755
,贵州卫视,化妆品/浴室用品,217,0.1084
,贵州卫视,酒类,104,0.052
,贵州卫视,娱乐及休闲,36,0.0178
,贵州卫视,商业/服务性行业,33,0.0166
,贵州卫视,农业,10,0.0051
,贵州卫视,互联网,5,0.0027
,贵州卫视,金融/投资行业,5,0.0027
,贵州卫视,家用电器,5,0.0026
,贵州卫视,衣着,1,0.0003
11,贵州卫视,食品,1327,0.553
,贵州卫视,化妆品/浴室用品,357,0.1487
,贵州卫视,药品,352,0.1466
,贵州卫视,饮料,203,0.0845
,贵州卫视,酒类,107,0.0447
,贵州卫视,娱乐及休闲,40,0.0168
,贵州卫视,商业/服务性行业,32,0.0133
,贵州卫视,农业,10,0.0041
,贵州卫视,金融/投资行业,7,0.0031
,贵州卫视,互联网,4,0.0018
,贵州卫视,家用电器,1,0.0006
6,辽宁卫视,药品,584,0.4868
,辽宁卫视,化妆品/浴室用品,158,0.1321
,辽宁卫视,娱乐及休闲,140,0.117
,辽宁卫视,酒类,130,0.1082
,辽宁卫视,饮料,92,0.0771
,辽宁卫视,互联网,45,0.0377
,辽宁卫视,食品,37,0.031
,辽宁卫视,农业,33,0.0273
,辽宁卫视,商业/服务性行业,7,0.0062
,辽宁卫视,工业,5,0.0041
,辽宁卫视,家用电器,1,0.0005
7,辽宁卫视,药品,609,0.6092
,辽宁卫视,酒类,141,0.1414
,辽宁卫视,娱乐及休闲,102,0.1019
,辽宁卫视,饮料,90,0.0895
,辽宁卫视,化妆品/浴室用品,33,0.0331
,辽宁卫视,农业,33,0.0329
,辽宁卫视,互联网,16,0.0159
,辽宁卫视,商业/服务性行业,7,0.0068
,辽宁卫视,食品,2,0.002
,辽宁卫视,工业,1,0.0013
,辽宁卫视,衣着,1,0.0006
,辽宁卫视,交通,1,0.0006
,辽宁卫视,个人用品,1,0.0006
,辽宁卫视,房地产/建筑工程行业,1,0.0005
,辽宁卫视,家居,0,0.0005
8,辽宁卫视,药品,411,0.3428
,辽宁卫视,化妆品/浴室用品,356,0.2965
,辽宁卫视,互联网,198,0.165
,辽宁卫视,酒类,107,0.0895
,辽宁卫视,娱乐及休闲,86,0.0717
,辽宁卫视,饮料,31,0.0258
,辽宁卫视,农业,26,0.0216
,辽宁卫视,食品,25,0.0208
,辽宁卫视,商业/服务性行业,5,0.004
,辽宁卫视,个人用品,1,0.0005
,辽宁卫视,房地产/建筑工程行业,0,0.0001
,辽宁卫视,家居,0,0.0001
9,辽宁卫视,药品,560,0.3498
,辽宁卫视,互联网,420,0.2627
,辽宁卫视,食品,153,0.0956
,辽宁卫视,酒类,129,0.0807
,辽宁卫视,娱乐及休闲,118,0.0735
,辽宁卫视,衣着,105,0.0656
,辽宁卫视,化妆品/浴室用品,75,0.0466
,辽宁卫视,农业,29,0.0179
,辽宁卫视,饮料,11,0.0067
,辽宁卫视,商业/服务性行业,4,0.0024
,辽宁卫视,个人用品,0,0.0003
10,辽宁卫视,药品,648,0.3413
,辽宁卫视,互联网,475,0.2499
,辽宁卫视,酒类,396,0.2082
,辽宁卫视,娱乐及休闲,164,0.0861
,辽宁卫视,食品,126,0.0662
,辽宁卫视,化妆品/浴室用品,52,0.0274
,辽宁卫视,农业,36,0.019
,辽宁卫视,饮料,26,0.0139
,辽宁卫视,交通,10,0.005
,辽宁卫视,衣着,3,0.0018
,辽宁卫视,商业/服务性行业,2,0.0013
,辽宁卫视,家用电器,0,0.0002
11,辽宁卫视,药品,658,0.3461
,辽宁卫视,互联网,539,0.2837
,辽宁卫视,酒类,387,0.2034
,辽宁卫视,化妆品/浴室用品,162,0.085
,辽宁卫视,娱乐及休闲,98,0.0518
,辽宁卫视,农业,76,0.0401
,辽宁卫视,饮料,27,0.0144
,辽宁卫视,交通,6,0.0031
,辽宁卫视,食品,3,0.0014
,辽宁卫视,商业/服务性行业,2,0.0011
6,四川卫视,药品,954,0.3973
,四川卫视,饮料,494,0.2058
,四川卫视,食品,443,0.1846
,四川卫视,酒类,234,0.0975
,四川卫视,商业/服务性行业,168,0.0699
,四川卫视,交通,52,0.0216
,四川卫视,娱乐及休闲,44,0.0181
,四川卫视,化妆品/浴室用品,36,0.0149
,四川卫视,家居,31,0.0131
,四川卫视,房地产/建筑工程行业,23,0.0094
,四川卫视,金融/投资行业,10,0.0042
,四川卫视,清洁用品,1,0.0002
,四川卫视,数码/电脑/办公用品,0,0.0002
7,四川卫视,药品,1010,0.3607
,四川卫视,饮料,560,0.1999
,四川卫视,食品,523,0.1868
,四川卫视,商业/服务性行业,274,0.0977
,四川卫视,酒类,248,0.0886
,四川卫视,化妆品/浴室用品,54,0.0193
,四川卫视,交通,32,0.0113
,四川卫视,房地产/建筑工程行业,31,0.0112
,四川卫视,家居,31,0.0112
,四川卫视,娱乐及休闲,30,0.0108
,四川卫视,金融/投资行业,11,0.0038
,四川卫视,家用电器,2,0.0008
,四川卫视,个人用品,2,0.0007
,四川卫视,衣着,1,0.0002
,四川卫视,数码/电脑/办公用品,1,0.0002
8,四川卫视,药品,556,0.2778
,四川卫视,饮料,509,0.2544
,四川卫视,食品,480,0.2401
,四川卫视,商业/服务性行业,228,0.1142
,四川卫视,酒类,203,0.1017
,四川卫视,化妆品/浴室用品,22,0.0112
,四川卫视,娱乐及休闲,19,0.0093
,四川卫视,金融/投资行业,10,0.0052
,四川卫视,互联网,10,0.0051
,四川卫视,房地产/建筑工程行业,9,0.0046
,四川卫视,交通,3,0.0015
,四川卫视,家居,3,0.0015
,四川卫视,个人用品,1,0.0005
,四川卫视,家用电器,1,0.0005
9,四川卫视,药品,664,0.3497
,四川卫视,饮料,401,0.2109
,四川卫视,食品,358,0.1886
,四川卫视,酒类,204,0.1073
,四川卫视,商业/服务性行业,137,0.072
,四川卫视,娱乐及休闲,42,0.0223
,四川卫视,化妆品/浴室用品,42,0.022
,四川卫视,交通,30,0.0158
,四川卫视,金融/投资行业,10,0.0054
,四川卫视,互联网,9,0.0047
,四川卫视,家用电器,2,0.0013
,四川卫视,家居,1,0.0004
,四川卫视,个人用品,1,0.0003
10,四川卫视,药品,613,0.3228
,四川卫视,酒类,489,0.2575
,四川卫视,饮料,282,0.1483
,四川卫视,食品,267,0.1406
,四川卫视,衣着,114,0.06
,四川卫视,商业/服务性行业,96,0.0506
,四川卫视,化妆品/浴室用品,49,0.0258
,四川卫视,娱乐及休闲,26,0.0137
,四川卫视,金融/投资行业,14,0.0072
,四川卫视,交通,10,0.0055
,四川卫视,个人用品,2,0.0013
,四川卫视,家用电器,2,0.0009
,四川卫视,家居,1,0.0004
,四川卫视,互联网,1,0.0004
11,四川卫视,药品,714,0.3568
,四川卫视,酒类,423,0.2114
,四川卫视,食品,330,0.165
,四川卫视,饮料,305,0.1524
,四川卫视,商业/服务性行业,99,0.0493
,四川卫视,衣着,88,0.0438
,四川卫视,化妆品/浴室用品,37,0.0186
,四川卫视,家用电器,35,0.0176
,四川卫视,娱乐及休闲,17,0.0083
,四川卫视,金融/投资行业,11,0.0054
,四川卫视,个人用品,1,0.0003
,四川卫视,交通,0,0.0001
6,广东卫视,饮料,777,0.4316
,广东卫视,食品,463,0.2574
,广东卫视,药品,228,0.1267
,广东卫视,商业/服务性行业,104,0.0581
,广东卫视,酒类,100,0.0553
,广东卫视,化妆品/浴室用品,51,0.0283
,广东卫视,娱乐及休闲,40,0.0221
,广东卫视,清洁用品,35,0.0194
,广东卫视,互联网,19,0.0103
,广东卫视,金融/投资行业,14,0.0078
,广东卫视,家用电器,12,0.0064
,广东卫视,交通,7,0.0037
,广东卫视,家居,5,0.003
,广东卫视,农业,5,0.0028
,广东卫视,个人用品,3,0.0016
,广东卫视,数码/电脑/办公用品,2,0.001
,广东卫视,房地产/建筑工程行业,1,0.0006
,广东卫视,衣着,1,0.0003
7,广东卫视,饮料,621,0.3452
,广东卫视,药品,403,0.2238
,广东卫视,食品,300,0.1665
,广东卫视,商业/服务性行业,140,0.0779
,广东卫视,酒类,100,0.0557
,广东卫视,清洁用品,87,0.0482
,广东卫视,娱乐及休闲,74,0.0413
,广东卫视,化妆品/浴室用品,53,0.0295
,广东卫视,家用电器,12,0.0067
,广东卫视,互联网,12,0.0064
,广东卫视,交通,10,0.0055
,广东卫视,家居,5,0.003
,广东卫视,个人用品,1,0.0008
,广东卫视,数码/电脑/办公用品,1,0.0006
,广东卫视,房地产/建筑工程行业,1,0.0003
,广东卫视,金融/投资行业,0,0.0003
8,广东卫视,饮料,666,0.3699
,广东卫视,药品,481,0.2673
,广东卫视,食品,385,0.2136
,广东卫视,酒类,99,0.0548
,广东卫视,商业/服务性行业,93,0.0515
,广东卫视,娱乐及休闲,74,0.0409
,广东卫视,化妆品/浴室用品,48,0.0266
,广东卫视,互联网,17,0.0095
,广东卫视,家用电器,16,0.0089
,广东卫视,金融/投资行业,9,0.0051
,广东卫视,家居,6,0.0036
,广东卫视,个人用品,2,0.0012
9,广东卫视,食品,369,0.2839
,广东卫视,饮料,353,0.2713
,广东卫视,药品,333,0.2564
,广东卫视,酒类,117,0.0901
,广东卫视,娱乐及休闲,79,0.0611
,广东卫视,化妆品/浴室用品,49,0.0374
,广东卫视,家用电器,16,0.012
,广东卫视,商业/服务性行业,16,0.0119
,广东卫视,互联网,13,0.0097
,广东卫视,家居,8,0.0062
,广东卫视,个人用品,2,0.0017
,广东卫视,清洁用品,1,0.0004
10,广东卫视,药品,471,0.3626
,广东卫视,食品,345,0.2653
,广东卫视,饮料,218,0.168
,广东卫视,酒类,115,0.0882
,广东卫视,化妆品/浴室用品,111,0.0857
,广东卫视,娱乐及休闲,58,0.0443
,广东卫视,家用电器,17,0.0128
,广东卫视,交通,14,0.0111
,广东卫视,家居,10,0.0077
,广东卫视,互联网,6,0.0049
,广东卫视,个人用品,1,0.0004
,广东卫视,金融/投资行业,0,0.0003
11,广东卫视,药品,492,0.328
,广东卫视,食品,462,0.3081
,广东卫视,饮料,332,0.2215
,广东卫视,酒类,136,0.0905
,广东卫视,化妆品/浴室用品,74,0.0495
,广东卫视,娱乐及休闲,36,0.0237
,广东卫视,家用电器,15,0.01
,广东卫视,金融/投资行业,11,0.0072
,广东卫视,互联网,9,0.0058
,广东卫视,交通,4,0.003
,广东卫视,家居,4,0.0027
,广东卫视,商业/服务性行业,2,0.0012
,广东卫视,衣着,1,0.0004
,广东卫视,个人用品,1,0.0004
6,重庆卫视,药品,1124,0.3748
,重庆卫视,酒类,672,0.2239
,重庆卫视,食品,626,0.2088
,重庆卫视,娱乐及休闲,279,0.0931
,重庆卫视,家居,214,0.0714
,重庆卫视,饮料,68,0.0228
,重庆卫视,衣着,40,0.0134
,重庆卫视,化妆品/浴室用品,22,0.0074
,重庆卫视,个人用品,5,0.0016
,重庆卫视,商业/服务性行业,4,0.0015
,重庆卫视,房地产/建筑工程行业,3,0.001
,重庆卫视,农业,3,0.0009
,重庆卫视,数码/电脑/办公用品,2,0.0006
,重庆卫视,清洁用品,1,0.0003
,重庆卫视,家用电器,1,0.0002
,重庆卫视,金融/投资行业,0,0.0001
7,重庆卫视,药品,1240,0.3874
,重庆卫视,酒类,920,0.2875
,重庆卫视,食品,570,0.178
,重庆卫视,娱乐及休闲,253,0.0791
,重庆卫视,饮料,221,0.069
,重庆卫视,化妆品/浴室用品,63,0.0195
,重庆卫视,房地产/建筑工程行业,31,0.0096
,重庆卫视,数码/电脑/办公用品,2,0.0005
,重庆卫视,家居,1,0.0002
,重庆卫视,农业,0,0.0001
8,重庆卫视,药品,824,0.3168
,重庆卫视,酒类,763,0.2936
,重庆卫视,食品,486,0.1868
,重庆卫视,娱乐及休闲,317,0.1218
,重庆卫视,饮料,149,0.0574
,重庆卫视,化妆品/浴室用品,59,0.0227
,重庆卫视,房地产/建筑工程行业,33,0.0129
,重庆卫视,数码/电脑/办公用品,2,0.0008
,重庆卫视,个人用品,1,0.0005
,重庆卫视,金融/投资行业,1,0.0005
,重庆卫视,邮电通讯,1,0.0003
,重庆卫视,家居,1,0.0002
,重庆卫视,交通,0,0.0001
9,重庆卫视,药品,942,0.3768
,重庆卫视,酒类,714,0.2855
,重庆卫视,食品,407,0.1628
,重庆卫视,娱乐及休闲,281,0.1124
,重庆卫视,饮料,140,0.0559
,重庆卫视,化妆品/浴室用品,55,0.022
,重庆卫视,房地产/建筑工程行业,32,0.0129
,重庆卫视,金融/投资行业,5,0.002
,重庆卫视,商业/服务性行业,2,0.0009
,重庆卫视,农业,2,0.0006
,重庆卫视,家居,1,0.0002
,重庆卫视,数码/电脑/办公用品,1,0.0002
10,重庆卫视,食品,889,0.2963
,重庆卫视,药品,881,0.2937
,重庆卫视,酒类,621,0.2069
,重庆卫视,饮料,311,0.1038
,重庆卫视,娱乐及休闲,241,0.0804
,重庆卫视,化妆品/浴室用品,54,0.0181
,重庆卫视,房地产/建筑工程行业,3,0.0011
,重庆卫视,农业,2,0.0008
,重庆卫视,互联网,1,0.0004
,重庆卫视,家用电器,1,0.0004
,重庆卫视,家居,1,0.0003
,重庆卫视,商业/服务性行业,1,0.0003
11,重庆卫视,食品,918,0.3531
,重庆卫视,酒类,602,0.2315
,重庆卫视,药品,574,0.2209
,重庆卫视,饮料,247,0.0951
,重庆卫视,娱乐及休闲,209,0.0804
,重庆卫视,化妆品/浴室用品,52,0.02
,重庆卫视,房地产/建筑工程行业,3,0.001
,重庆卫视,农业,2,0.0009
,重庆卫视,商业/服务性行业,2,0.0008
,重庆卫视,交通,1,0.0005
,重庆卫视,家居,1,0.0004
,重庆卫视,个人用品,1,0.0002
,重庆卫视,家用电器,1,0.0002
6,河南卫视,药品,750,0.2779
,河南卫视,饮料,716,0.2651
,河南卫视,衣着,540,0.2002
,河南卫视,商业/服务性行业,299,0.1108
,河南卫视,酒类,164,0.0608
,河南卫视,清洁用品,108,0.0398
,河南卫视,食品,52,0.0193
,河南卫视,化妆品/浴室用品,22,0.0083
,河南卫视,娱乐及休闲,17,0.0062
,河南卫视,交通,15,0.0057
,河南卫视,房地产/建筑工程行业,13,0.0047
,河南卫视,农业,10,0.0037
,河南卫视,个人用品,2,0.0009
,河南卫视,家居,2,0.0007
,河南卫视,互联网,0,0.0001
7,河南卫视,饮料,648,0.3413
,河南卫视,药品,480,0.2528
,河南卫视,商业/服务性行业,405,0.2134
,河南卫视,酒类,170,0.0893
,河南卫视,清洁用品,131,0.0688
,河南卫视,食品,59,0.0312
,河南卫视,娱乐及休闲,37,0.0195
,河南卫视,交通,15,0.0081
,河南卫视,农业,10,0.0053
,河南卫视,个人用品,3,0.0013
,河南卫视,家居,2,0.0013
,河南卫视,房地产/建筑工程行业,1,0.0005
,河南卫视,金融/投资行业,1,0.0005
,河南卫视,化妆品/浴室用品,1,0.0004
,河南卫视,数码/电脑/办公用品,1,0.0003
,河南卫视,互联网,0,0.0002
8,河南卫视,饮料,702,0.3509
,河南卫视,药品,504,0.2518
,河南卫视,商业/服务性行业,354,0.1771
,河南卫视,酒类,192,0.0961
,河南卫视,清洁用品,132,0.066
,河南卫视,食品,85,0.0423
,河南卫视,农业,40,0.0199
,河南卫视,娱乐及休闲,36,0.0179
,河南卫视,交通,23,0.0116
,河南卫视,互联网,9,0.0046
,河南卫视,房地产/建筑工程行业,5,0.0025
,河南卫视,个人用品,4,0.0019
,河南卫视,家用电器,3,0.0017
,河南卫视,金融/投资行业,2,0.0009
,河南卫视,家居,1,0.0005
,河南卫视,化妆品/浴室用品,1,0.0003
9,河南卫视,药品,450,0.2497
,河南卫视,饮料,435,0.2417
,河南卫视,食品,300,0.1667
,河南卫视,酒类,201,0.1116
,河南卫视,商业/服务性行业,200,0.111
,河南卫视,清洁用品,127,0.0705
,河南卫视,娱乐及休闲,93,0.0517
,河南卫视,交通,39,0.0218
,河南卫视,农业,9,0.0051
,河南卫视,互联网,5,0.0026
,河南卫视,个人用品,3,0.0018
,河南卫视,家居,3,0.0015
,河南卫视,邮电通讯,2,0.0011
,河南卫视,房地产/建筑工程行业,1,0.0008
,河南卫视,金融/投资行业,1,0.0006
,河南卫视,化妆品/浴室用品,1,0.0005
,河南卫视,家用电器,0,0.0002
10,河南卫视,药品,556,0.2927
,河南卫视,酒类,454,0.2387
,河南卫视,食品,398,0.2092
,河南卫视,饮料,220,0.1156
,河南卫视,商业/服务性行业,155,0.0818
,河南卫视,清洁用品,55,0.029
,河南卫视,互联网,42,0.0222
,河南卫视,娱乐及休闲,28,0.015
,河南卫视,交通,28,0.0148
,河南卫视,化妆品/浴室用品,11,0.006
,河南卫视,农业,10,0.0053
,河南卫视,房地产/建筑工程行业,6,0.0032
,河南卫视,邮电通讯,6,0.0032
,河南卫视,个人用品,4,0.0022
,河南卫视,家用电器,1,0.0003
,河南卫视,家居,0,0.0003
,河南卫视,衣着,0,0.0002
11,河南卫视,药品,668,0.3928
,河南卫视,酒类,486,0.2858
,河南卫视,食品,240,0.1414
,河南卫视,商业/服务性行业,154,0.0907
,河南卫视,饮料,148,0.0869
,河南卫视,互联网,28,0.0164
,河南卫视,交通,22,0.013
,河南卫视,娱乐及休闲,16,0.0092
,河南卫视,农业,10,0.0057
,河南卫视,化妆品/浴室用品,2,0.0012
,河南卫视,家用电器,2,0.0009
,河南卫视,个人用品,1,0.0004
,河南卫视,家居,1,0.0003
,河南卫视,衣着,1,0.0003
6,黑龙江卫视,食品,1165,0.3148
,黑龙江卫视,饮料,887,0.2397
,黑龙江卫视,药品,759,0.2051
,黑龙江卫视,化妆品/浴室用品,446,0.1206
,黑龙江卫视,个人用品,124,0.0335
,黑龙江卫视,酒类,119,0.0322
,黑龙江卫视,家居,81,0.0218
,黑龙江卫视,衣着,60,0.0162
,黑龙江卫视,清洁用品,41,0.0112
,黑龙江卫视,邮电通讯,40,0.0108
,黑龙江卫视,娱乐及休闲,22,0.006
,黑龙江卫视,农业,15,0.004
,黑龙江卫视,金融/投资行业,10,0.0028
,黑龙江卫视,互联网,7,0.0018
7,黑龙江卫视,饮料,1197,0.3863
,黑龙江卫视,食品,613,0.1977
,黑龙江卫视,药品,565,0.1822
,黑龙江卫视,化妆品/浴室用品,392,0.1265
,黑龙江卫视,个人用品,129,0.0416
,黑龙江卫视,酒类,117,0.0378
,黑龙江卫视,邮电通讯,41,0.0133
,黑龙江卫视,金融/投资行业,31,0.0099
,黑龙江卫视,清洁用品,22,0.0073
,黑龙江卫视,互联网,22,0.0071
,黑龙江卫视,娱乐及休闲,21,0.0067
,黑龙江卫视,农业,14,0.0046
,黑龙江卫视,家居,11,0.0037
,黑龙江卫视,交通,1,0.0002
8,黑龙江卫视,饮料,1053,0.376
,黑龙江卫视,食品,888,0.317
,黑龙江卫视,化妆品/浴室用品,482,0.1723
,黑龙江卫视,药品,129,0.0459
,黑龙江卫视,个人用品,128,0.0457
,黑龙江卫视,酒类,104,0.0371
,黑龙江卫视,邮电通讯,41,0.0147
,黑龙江卫视,娱乐及休闲,27,0.0095
,黑龙江卫视,金融/投资行业,17,0.006
,黑龙江卫视,农业,14,0.0052
,黑龙江卫视,家居,6,0.0021
,黑龙江卫视,互联网,4,0.0015
9,黑龙江卫视,饮料,895,0.4069
,黑龙江卫视,食品,562,0.2553
,黑龙江卫视,化妆品/浴室用品,269,0.1221
,黑龙江卫视,药品,182,0.0829
,黑龙江卫视,个人用品,125,0.0569
,黑龙江卫视,酒类,96,0.0437
,黑龙江卫视,娱乐及休闲,74,0.0335
,黑龙江卫视,邮电通讯,40,0.0181
,黑龙江卫视,金融/投资行业,19,0.0088
,黑龙江卫视,农业,12,0.0055
,黑龙江卫视,家用电器,2,0.0011
,黑龙江卫视,商业/服务性行业,1,0.0005
,黑龙江卫视,互联网,1,0.0003
,黑龙江卫视,家居,1,0.0003
10,黑龙江卫视,食品,958,0.4163
,黑龙江卫视,饮料,440,0.1912
,黑龙江卫视,药品,303,0.1317
,黑龙江卫视,化妆品/浴室用品,204,0.0886
,黑龙江卫视,个人用品,128,0.0557
,黑龙江卫视,酒类,114,0.0495
,黑龙江卫视,清洁用品,71,0.0307
,黑龙江卫视,家用电器,51,0.0223
,黑龙江卫视,邮电通讯,41,0.018
,黑龙江卫视,娱乐及休闲,33,0.0143
,黑龙江卫视,互联网,16,0.0069
,黑龙江卫视,农业,14,0.0062
,黑龙江卫视,金融/投资行业,12,0.0053
,黑龙江卫视,衣着,8,0.0034
11,黑龙江卫视,食品,887,0.4031
,黑龙江卫视,饮料,328,0.1491
,黑龙江卫视,药品,322,0.1463
,黑龙江卫视,化妆品/浴室用品,317,0.144
,黑龙江卫视,酒类,125,0.057
,黑龙江卫视,个人用品,67,0.0304
,黑龙江卫视,清洁用品,61,0.0277
,黑龙江卫视,衣着,48,0.0217
,黑龙江卫视,邮电通讯,40,0.0181
,黑龙江卫视,家用电器,32,0.0144
,黑龙江卫视,娱乐及休闲,24,0.0108
,黑龙江卫视,农业,14,0.0062
,黑龙江卫视,金融/投资行业,10,0.0047
,黑龙江卫视,互联网,5,0.0023
6,云南卫视,药品,462,0.2311
,云南卫视,食品,395,0.1974
,云南卫视,商业/服务性行业,338,0.1689
,云南卫视,互联网,214,0.1071
,云南卫视,饮料,159,0.0794
,云南卫视,化妆品/浴室用品,132,0.0662
,云南卫视,娱乐及休闲,78,0.0391
,云南卫视,清洁用品,71,0.0355
,云南卫视,房地产/建筑工程行业,63,0.0315
,云南卫视,酒类,39,0.0196
,云南卫视,家用电器,25,0.0126
,云南卫视,农业,23,0.0113
,云南卫视,工业,7,0.0037
,云南卫视,家居,2,0.0009
,云南卫视,交通,1,0.0003
7,云南卫视,药品,494,0.2907
,云南卫视,互联网,350,0.2062
,云南卫视,商业/服务性行业,312,0.1834
,云南卫视,饮料,295,0.1735
,云南卫视,酒类,70,0.0413
,云南卫视,娱乐及休闲,69,0.0408
,云南卫视,化妆品/浴室用品,58,0.0344
,云南卫视,房地产/建筑工程行业,56,0.0327
,云南卫视,家用电器,26,0.0151
,云南卫视,农业,23,0.0137
,云南卫视,工业,8,0.0045
,云南卫视,清洁用品,7,0.004
,云南卫视,食品,2,0.0011
,云南卫视,数码/电脑/办公用品,1,0.0004
,云南卫视,个人用品,0,0.0001
8,云南卫视,药品,781,0.3549
,云南卫视,商业/服务性行业,592,0.2689
,云南卫视,饮料,233,0.1061
,云南卫视,食品,227,0.1032
,云南卫视,化妆品/浴室用品,91,0.0416
,云南卫视,酒类,59,0.0269
,云南卫视,房地产/建筑工程行业,58,0.0263
,云南卫视,清洁用品,51,0.0234
,云南卫视,娱乐及休闲,48,0.022
,云南卫视,互联网,38,0.0171
,云南卫视,家用电器,26,0.0119
,云南卫视,农业,23,0.0106
,云南卫视,个人用品,2,0.001
9,云南卫视,商业/服务性行业,278,0.1855
,云南卫视,饮料,261,0.1738
,云南卫视,化妆品/浴室用品,218,0.1455
,云南卫视,食品,218,0.1455
,云南卫视,药品,164,0.1091
,云南卫视,清洁用品,119,0.0792
,云南卫视,酒类,91,0.0607
,云南卫视,房地产/建筑工程行业,60,0.04
,云南卫视,家用电器,35,0.0231
,云南卫视,娱乐及休闲,34,0.0225
,云南卫视,互联网,27,0.0178
,云南卫视,农业,23,0.0151
,云南卫视,个人用品,2,0.0014
,云南卫视,金融/投资行业,1,0.0008
10,云南卫视,饮料,558,0.2935
,云南卫视,化妆品/浴室用品,315,0.1658
,云南卫视,食品,221,0.1165
,云南卫视,药品,200,0.1051
,云南卫视,清洁用品,155,0.0818
,云南卫视,商业/服务性行业,147,0.0774
,云南卫视,酒类,97,0.0508
,云南卫视,房地产/建筑工程行业,70,0.0368
,云南卫视,娱乐及休闲,46,0.0242
,云南卫视,家用电器,33,0.0176
,云南卫视,农业,22,0.0116
,云南卫视,家居,18,0.0095
,云南卫视,金融/投资行业,10,0.0055
,云南卫视,互联网,7,0.0039
,云南卫视,工业,2,0.0012
,云南卫视,个人用品,2,0.0009
,云南卫视,衣着,1,0.0003
11,云南卫视,饮料,321,0.2005
,云南卫视,药品,294,0.1836
,云南卫视,化妆品/浴室用品,260,0.1623
,云南卫视,食品,221,0.138
,云南卫视,房地产/建筑工程行业,142,0.0886
,云南卫视,商业/服务性行业,129,0.0806
,云南卫视,酒类,92,0.0573
,云南卫视,清洁用品,71,0.0443
,云南卫视,娱乐及休闲,47,0.0292
,云南卫视,家用电器,37,0.0229
,云南卫视,农业,24,0.0147
,云南卫视,金融/投资行业,3,0.0022
,云南卫视,家居,1,0.0004
,云南卫视,个人用品,1,0.0004
6,河北卫视,酒类,989,0.412
,河北卫视,药品,742,0.3093
,河北卫视,商业/服务性行业,396,0.1649
,河北卫视,饮料,174,0.0726
,河北卫视,食品,40,0.0165
,河北卫视,交通,28,0.0115
,河北卫视,娱乐及休闲,20,0.0084
,河北卫视,家居,20,0.0083
,河北卫视,个人用品,10,0.004
,河北卫视,化妆品/浴室用品,9,0.0039
,河北卫视,金融/投资行业,1,0.0006
,河北卫视,互联网,1,0.0004
7,河北卫视,酒类,829,0.319
,河北卫视,药品,737,0.2835
,河北卫视,商业/服务性行业,471,0.1811
,河北卫视,饮料,166,0.0637
,河北卫视,娱乐及休闲,138,0.0531
,河北卫视,衣着,100,0.0384
,河北卫视,化妆品/浴室用品,86,0.033
,河北卫视,食品,30,0.0116
,河北卫视,交通,29,0.0112
,河北卫视,家居,20,0.0076
,河北卫视,互联网,17,0.0065
,河北卫视,个人用品,7,0.0026
8,河北卫视,酒类,996,0.3556
,河北卫视,药品,826,0.2949
,河北卫视,商业/服务性行业,407,0.1455
,河北卫视,饮料,188,0.0671
,河北卫视,娱乐及休闲,133,0.0473
,河北卫视,化妆品/浴室用品,129,0.0462
,河北卫视,农业,45,0.0161
,河北卫视,食品,36,0.0129
,河北卫视,交通,30,0.0106
,河北卫视,家居,28,0.0101
,河北卫视,个人用品,8,0.0028
,河北卫视,互联网,3,0.0012
,河北卫视,金融/投资行业,2,0.0006
9,河北卫视,酒类,1300,0.591
,河北卫视,商业/服务性行业,332,0.1509
,河北卫视,饮料,260,0.1184
,河北卫视,药品,147,0.067
,河北卫视,化妆品/浴室用品,73,0.0332
,河北卫视,食品,35,0.0158
,河北卫视,农业,34,0.0154
,河北卫视,娱乐及休闲,31,0.0141
,河北卫视,交通,28,0.0126
,河北卫视,家居,11,0.0052
,河北卫视,个人用品,7,0.0031
,河北卫视,金融/投资行业,5,0.0024
10,河北卫视,酒类,1319,0.5496
,河北卫视,商业/服务性行业,365,0.1522
,河北卫视,药品,327,0.1363
,河北卫视,饮料,177,0.0737
,河北卫视,娱乐及休闲,81,0.0338
,河北卫视,化妆品/浴室用品,67,0.0279
,河北卫视,食品,57,0.0236
,河北卫视,金融/投资行业,31,0.0131
,河北卫视,交通,27,0.0114
,河北卫视,家居,15,0.0062
,河北卫视,互联网,6,0.0024
,河北卫视,家用电器,1,0.0002
11,河北卫视,酒类,1185,0.5153
,河北卫视,商业/服务性行业,391,0.17
,河北卫视,药品,355,0.1545
,河北卫视,娱乐及休闲,135,0.0587
,河北卫视,食品,88,0.0384
,河北卫视,饮料,53,0.0229
,河北卫视,化妆品/浴室用品,46,0.0199
,河北卫视,金融/投资行业,30,0.013
,河北卫视,交通,27,0.0116
,河北卫视,家居,17,0.0073
,河北卫视,个人用品,9,0.004
,河北卫视,互联网,1,0.0003
,河北卫视,家用电器,1,0.0003
6,福建卫视,饮料,989,0.3296
,福建卫视,食品,702,0.2341
,福建卫视,药品,382,0.1272
,福建卫视,商业/服务性行业,231,0.077
,福建卫视,家居,230,0.0767
,福建卫视,互联网,168,0.0561
,福建卫视,清洁用品,100,0.0334
,福建卫视,化妆品/浴室用品,82,0.0272
,福建卫视,个人用品,76,0.0255
,福建卫视,衣着,34,0.0114
,福建卫视,房地产/建筑工程行业,22,0.0075
,福建卫视,酒类,14,0.0045
,福建卫视,娱乐及休闲,12,0.0041
,福建卫视,工业,3,0.0009
7,福建卫视,饮料,1132,0.3772
,福建卫视,食品,459,0.1531
,福建卫视,药品,459,0.1529
,福建卫视,商业/服务性行业,242,0.0805
,福建卫视,酒类,208,0.0692
,福建卫视,互联网,205,0.0683
,福建卫视,化妆品/浴室用品,111,0.0371
,福建卫视,个人用品,80,0.0265
,福建卫视,清洁用品,78,0.026
,福建卫视,衣着,36,0.0119
,福建卫视,房地产/建筑工程行业,24,0.008
,福建卫视,娱乐及休闲,23,0.0078
,福建卫视,工业,2,0.0007
,福建卫视,交通,2,0.0007
,福建卫视,家居,1,0.0002
,福建卫视,金融/投资行业,0,0.0001
8,福建卫视,饮料,1422,0.3743
,福建卫视,食品,981,0.2581
,福建卫视,药品,464,0.122
,福建卫视,酒类,255,0.0671
,福建卫视,化妆品/浴室用品,184,0.0485
,福建卫视,商业/服务性行业,165,0.0434
,福建卫视,互联网,137,0.036
,福建卫视,清洁用品,93,0.0244
,福建卫视,个人用品,80,0.021
,福建卫视,衣着,33,0.0087
,福建卫视,娱乐及休闲,22,0.0059
,福建卫视,房地产/建筑工程行业,22,0.0058
,福建卫视,家用电器,18,0.0049
,福建卫视,工业,3,0.0007
,福建卫视,交通,3,0.0007
,福建卫视,金融/投资行业,0,0.0001
9,福建卫视,饮料,980,0.297
,福建卫视,食品,977,0.2962
,福建卫视,药品,453,0.1374
,福建卫视,商业/服务性行业,228,0.0691
,福建卫视,酒类,139,0.0423
,福建卫视,互联网,129,0.039
,福建卫视,化妆品/浴室用品,124,0.0377
,福建卫视,清洁用品,92,0.0278
,福建卫视,个人用品,78,0.0236
,福建卫视,娱乐及休闲,36,0.0111
,福建卫视,衣着,34,0.0103
,福建卫视,房地产/建筑工程行业,31,0.0095
,福建卫视,交通,3,0.001
,福建卫视,工业,3,0.0008
,福建卫视,家用电器,1,0.0003
,福建卫视,数码/电脑/办公用品,1,0.0002
,福建卫视,金融/投资行业,0,0.0001
10,福建卫视,食品,1549,0.4841
,福建卫视,饮料,509,0.1591
,福建卫视,药品,451,0.1409
,福建卫视,商业/服务性行业,176,0.055
,福建卫视,清洁用品,113,0.0352
,福建卫视,互联网,80,0.0251
,福建卫视,个人用品,79,0.0248
,福建卫视,化妆品/浴室用品,73,0.0228
,福建卫视,酒类,72,0.0226
,福建卫视,娱乐及休闲,59,0.0185
,福建卫视,衣着,40,0.0126
,福建卫视,房地产/建筑工程行业,32,0.01
,福建卫视,工业,7,0.0021
,福建卫视,交通,2,0.0005
11,福建卫视,食品,1390,0.3971
,福建卫视,饮料,1254,0.3584
,福建卫视,商业/服务性行业,258,0.0737
,福建卫视,互联网,124,0.0354
,福建卫视,化妆品/浴室用品,107,0.0307
,福建卫视,清洁用品,102,0.0292
,福建卫视,个人用品,73,0.0208
,福建卫视,药品,52,0.0149
,福建卫视,衣着,41,0.0118
,福建卫视,酒类,32,0.009
,福建卫视,房地产/建筑工程行业,29,0.0083
,福建卫视,娱乐及休闲,26,0.0074
,福建卫视,交通,11,0.003
,福建卫视,工业,9,0.0027
,福建卫视,家居,2,0.0007
6,山西卫视,药品,164,0.328
,山西卫视,酒类,124,0.2485
,山西卫视,饮料,100,0.1993
,山西卫视,食品,53,0.1062
,山西卫视,互联网,43,0.0855
,山西卫视,商业/服务性行业,28,0.056
,山西卫视,娱乐及休闲,21,0.0426
,山西卫视,工业,8,0.0153
,山西卫视,交通,7,0.015
,山西卫视,金融/投资行业,4,0.0088
,山西卫视,个人用品,3,0.0061
,山西卫视,化妆品/浴室用品,3,0.005
,山西卫视,数码/电脑/办公用品,2,0.0035
,山西卫视,房地产/建筑工程行业,1,0.002
,山西卫视,家居,1,0.0017
,山西卫视,家用电器,1,0.0012
,山西卫视,清洁用品,1,0.0012
7,山西卫视,药品,108,0.2712
,山西卫视,饮料,69,0.1731
,山西卫视,商业/服务性行业,67,0.1674
,山西卫视,食品,57,0.1433
,山西卫视,酒类,55,0.137
,山西卫视,娱乐及休闲,24,0.0589
,山西卫视,互联网,13,0.0334
,山西卫视,交通,8,0.0194
,山西卫视,金融/投资行业,4,0.0106
,山西卫视,化妆品/浴室用品,4,0.0099
,山西卫视,工业,3,0.0067
,山西卫视,个人用品,3,0.0067
,山西卫视,数码/电脑/办公用品,1,0.0015
,山西卫视,衣着,1,0.0015
,山西卫视,房地产/建筑工程行业,0,0.0008
8,山西卫视,商业/服务性行业,139,0.348
,山西卫视,药品,88,0.2195
,山西卫视,食品,79,0.1967
,山西卫视,酒类,56,0.139
,山西卫视,互联网,27,0.0683
,山西卫视,饮料,26,0.0658
,山西卫视,娱乐及休闲,19,0.0483
,山西卫视,交通,8,0.0195
,山西卫视,金融/投资行业,4,0.0106
,山西卫视,化妆品/浴室用品,4,0.0099
,山西卫视,工业,3,0.0063
,山西卫视,个人用品,2,0.0061
,山西卫视,家居,1,0.0015
,山西卫视,家用电器,1,0.0013
9,山西卫视,食品,166,0.4138
,山西卫视,酒类,96,0.2395
,山西卫视,药品,81,0.2036
,山西卫视,商业/服务性行业,60,0.1512
,山西卫视,互联网,14,0.0355
,山西卫视,娱乐及休闲,11,0.0284
,山西卫视,饮料,11,0.0269
,山西卫视,交通,7,0.0181
,山西卫视,农业,5,0.0117
,山西卫视,金融/投资行业,4,0.0106
,山西卫视,个人用品,3,0.0081
,山西卫视,工业,3,0.0077
,山西卫视,房地产/建筑工程行业,3,0.0066
,山西卫视,化妆品/浴室用品,2,0.006
,山西卫视,清洁用品,1,0.0014
,山西卫视,家用电器,0,0.0002
10,山西卫视,食品,164,0.328
,山西卫视,药品,123,0.2451
,山西卫视,娱乐及休闲,73,0.145
,山西卫视,酒类,70,0.139
,山西卫视,商业/服务性行业,62,0.1236
,山西卫视,交通,8,0.0155
,山西卫视,金融/投资行业,5,0.0095
,山西卫视,农业,5,0.0092
,山西卫视,互联网,3,0.0067
,山西卫视,工业,3,0.0054
,山西卫视,饮料,2,0.005
,山西卫视,个人用品,2,0.0048
,山西卫视,化妆品/浴室用品,1,0.0024
,山西卫视,家用电器,1,0.0012
,山西卫视,衣着,1,0.0012
,山西卫视,家居,0,0.0007
11,山西卫视,食品,206,0.4113
,山西卫视,药品,140,0.28
,山西卫视,商业/服务性行业,60,0.1208
,山西卫视,酒类,53,0.1053
,山西卫视,互联网,43,0.0866
,山西卫视,娱乐及休闲,21,0.0426
,山西卫视,交通,7,0.015
,山西卫视,饮料,7,0.0142
,山西卫视,农业,5,0.0107
,山西卫视,金融/投资行业,4,0.0083
,山西卫视,工业,3,0.0052
,山西卫视,化妆品/浴室用品,1,0.0016
,山西卫视,个人用品,1,0.0012
,山西卫视,家用电器,1,0.0012
,山西卫视,家居,0,0.0005
6,广西卫视,药品,534,0.356
,广西卫视,饮料,255,0.17
,广西卫视,商业/服务性行业,232,0.1546
,广西卫视,食品,106,0.0707
,广西卫视,农业,81,0.0537
,广西卫视,娱乐及休闲,77,0.051
,广西卫视,工业,72,0.0477
,广西卫视,互联网,55,0.0368
,广西卫视,酒类,47,0.0312
,广西卫视,金融/投资行业,37,0.0249
,广西卫视,房地产/建筑工程行业,11,0.0072
,广西卫视,化妆品/浴室用品,6,0.0043
,广西卫视,清洁用品,2,0.0016
,广西卫视,家居,0,0.0001
7,广西卫视,药品,550,0.3055
,广西卫视,饮料,543,0.3018
,广西卫视,商业/服务性行业,297,0.1652
,广西卫视,娱乐及休闲,129,0.0718
,广西卫视,农业,86,0.048
,广西卫视,工业,70,0.0391
,广西卫视,酒类,61,0.0341
,广西卫视,互联网,39,0.0215
,广西卫视,金融/投资行业,32,0.0179
,广西卫视,食品,26,0.0146
,广西卫视,房地产/建筑工程行业,11,0.0062
,广西卫视,化妆品/浴室用品,3,0.0019
,广西卫视,个人用品,2,0.001
,广西卫视,数码/电脑/办公用品,1,0.0004
,广西卫视,交通,0,0.0002
8,广西卫视,药品,551,0.3442
,广西卫视,饮料,508,0.3172
,广西卫视,商业/服务性行业,123,0.0769
,广西卫视,农业,107,0.0668
,广西卫视,酒类,74,0.0464
,广西卫视,工业,73,0.0458
,广西卫视,食品,65,0.0405
,广西卫视,娱乐及休闲,61,0.0379
,广西卫视,金融/投资行业,34,0.0214
,广西卫视,互联网,14,0.0087
,广西卫视,房地产/建筑工程行业,12,0.0075
,广西卫视,个人用品,3,0.0019
,广西卫视,化妆品/浴室用品,2,0.0013
,广西卫视,家用电器,1,0.0004
,广西卫视,衣着,1,0.0004
,广西卫视,交通,0,0.0002
9,广西卫视,饮料,419,0.4653
,广西卫视,商业/服务性行业,206,0.2291
,广西卫视,酒类,69,0.0765
,广西卫视,农业,64,0.0706
,广西卫视,药品,47,0.0527
,广西卫视,工业,31,0.0339
,广西卫视,娱乐及休闲,25,0.0278
,广西卫视,食品,25,0.0274
,广西卫视,金融/投资行业,11,0.0124
,广西卫视,家用电器,5,0.0056
,广西卫视,数码/电脑/办公用品,2,0.0023
,广西卫视,房地产/建筑工程行业,1,0.0015
,广西卫视,个人用品,1,0.0013
,广西卫视,化妆品/浴室用品,1,0.0008
,广西卫视,交通,1,0.0008
,广西卫视,家居,1,0.0007
10,广西卫视,饮料,416,0.4626
,广西卫视,酒类,100,0.1115
,广西卫视,商业/服务性行业,86,0.0959
,广西卫视,药品,78,0.0871
,广西卫视,农业,78,0.0861
,广西卫视,金融/投资行业,52,0.0579
,广西卫视,娱乐及休闲,45,0.0504
,广西卫视,邮电通讯,24,0.0261
,广西卫视,互联网,19,0.0206
,广西卫视,工业,11,0.0127
,广西卫视,家用电器,6,0.0061
,广西卫视,食品,3,0.0031
,广西卫视,化妆品/浴室用品,0,0.0004
11,广西卫视,饮料,251,0.4178
,广西卫视,农业,88,0.1472
,广西卫视,商业/服务性行业,88,0.1468
,广西卫视,药品,88,0.146
,广西卫视,酒类,50,0.084
,广西卫视,娱乐及休闲,34,0.0559
,广西卫视,金融/投资行业,22,0.0372
,广西卫视,食品,17,0.0275
,广西卫视,工业,11,0.0184
,广西卫视,化妆品/浴室用品,2,0.0027
,广西卫视,家用电器,2,0.0027
,广西卫视,家居,1,0.0022
6,吉林卫视,药品,595,0.4248
,吉林卫视,饮料,329,0.2352
,吉林卫视,食品,171,0.122
,吉林卫视,商业/服务性行业,157,0.1119
,吉林卫视,交通,101,0.0725
,吉林卫视,娱乐及休闲,99,0.0704
,吉林卫视,金融/投资行业,9,0.0062
,吉林卫视,房地产/建筑工程行业,4,0.0026
,吉林卫视,家居,3,0.0022
,吉林卫视,邮电通讯,3,0.0018
,吉林卫视,化妆品/浴室用品,2,0.0013
,吉林卫视,个人用品,1,0.0004
7,吉林卫视,药品,564,0.4026
,吉林卫视,饮料,398,0.284
,吉林卫视,商业/服务性行业,164,0.1173
,吉林卫视,娱乐及休闲,132,0.0943
,吉林卫视,食品,99,0.0706
,吉林卫视,交通,82,0.0587
,吉林卫视,金融/投资行业,8,0.0061
,吉林卫视,邮电通讯,5,0.0038
,吉林卫视,房地产/建筑工程行业,5,0.0037
,吉林卫视,化妆品/浴室用品,1,0.0004
,吉林卫视,互联网,1,0.0004
,吉林卫视,酒类,1,0.0004
8,吉林卫视,药品,587,0.4196
,吉林卫视,饮料,323,0.2306
,吉林卫视,商业/服务性行业,258,0.1844
,吉林卫视,娱乐及休闲,134,0.0959
,吉林卫视,食品,101,0.0722
,吉林卫视,交通,72,0.0515
,吉林卫视,互联网,7,0.0047
,吉林卫视,邮电通讯,3,0.0024
,吉林卫视,房地产/建筑工程行业,3,0.002
,吉林卫视,化妆品/浴室用品,3,0.002
,吉林卫视,个人用品,1,0.0004
9,吉林卫视,饮料,525,0.4774
,吉林卫视,商业/服务性行业,213,0.1936
,吉林卫视,食品,120,0.1094
,吉林卫视,娱乐及休闲,86,0.0781
,吉林卫视,药品,86,0.0781
,吉林卫视,交通,70,0.0634
,吉林卫视,房地产/建筑工程行业,68,0.0618
,吉林卫视,化妆品/浴室用品,3,0.0023
10,吉林卫视,饮料,805,0.6707
,吉林卫视,商业/服务性行业,128,0.1063
,吉林卫视,药品,127,0.1062
,吉林卫视,食品,77,0.0639
,吉林卫视,交通,72,0.0602
,吉林卫视,娱乐及休闲,47,0.0395
,吉林卫视,衣着,9,0.0073
,吉林卫视,房地产/建筑工程行业,3,0.0024
,吉林卫视,化妆品/浴室用品,2,0.0015
,吉林卫视,家用电器,1,0.0005
11,吉林卫视,饮料,493,0.4486
,吉林卫视,食品,162,0.1473
,吉林卫视,商业/服务性行业,135,0.1227
,吉林卫视,药品,119,0.1081
,吉林卫视,娱乐及休闲,88,0.0799
,吉林卫视,交通,70,0.0635
,吉林卫视,互联网,15,0.0136
,吉林卫视,金融/投资行业,7,0.0068
,吉林卫视,房地产/建筑工程行业,6,0.0056
,吉林卫视,化妆品/浴室用品,4,0.0036
,吉林卫视,数码/电脑/办公用品,1,0.0012
,吉林卫视,家居,1,0.0005
,吉林卫视,农业,1,0.0005
,吉林卫视,酒类,1,0.0005
6,青海卫视,药品,541,0.5407
,青海卫视,商业/服务性行业,176,0.1762
,青海卫视,娱乐及休闲,161,0.161
,青海卫视,酒类,91,0.0914
,青海卫视,衣着,70,0.0705
,青海卫视,互联网,16,0.0163
,青海卫视,食品,14,0.0143
,青海卫视,化妆品/浴室用品,8,0.0083
,青海卫视,金融/投资行业,5,0.0054
,青海卫视,交通,5,0.0049
,青海卫视,个人用品,4,0.0041
,青海卫视,饮料,2,0.0023
,青海卫视,家居,1,0.0006
,青海卫视,家用电器,1,0.0006
,青海卫视,房地产/建筑工程行业,1,0.0006
7,青海卫视,药品,556,0.4273
,青海卫视,娱乐及休闲,241,0.1855
,青海卫视,商业/服务性行业,184,0.1416
,青海卫视,酒类,172,0.1323
,青海卫视,衣着,73,0.056
,青海卫视,房地产/建筑工程行业,24,0.0187
,青海卫视,食品,16,0.012
,青海卫视,饮料,14,0.0107
,青海卫视,化妆品/浴室用品,10,0.0078
,青海卫视,金融/投资行业,7,0.0056
,青海卫视,交通,5,0.0039
,青海卫视,个人用品,5,0.0036
,青海卫视,家居,1,0.0004
,青海卫视,工业,1,0.0004
,青海卫视,互联网,1,0.0004
8,青海卫视,药品,545,0.4955
,青海卫视,娱乐及休闲,211,0.1921
,青海卫视,商业/服务性行业,189,0.1715
,青海卫视,酒类,97,0.088
,青海卫视,衣着,77,0.0696
,青海卫视,食品,16,0.0143
,青海卫视,化妆品/浴室用品,9,0.0083
,青海卫视,个人用品,8,0.0073
,青海卫视,金融/投资行业,5,0.0047
,青海卫视,交通,5,0.0045
,青海卫视,互联网,4,0.0037
,青海卫视,饮料,3,0.0031
,青海卫视,家居,1,0.0011
9,青海卫视,商业/服务性行业,169,0.4226
,青海卫视,娱乐及休闲,107,0.2671
,青海卫视,酒类,69,0.1735
,青海卫视,衣着,35,0.0881
,青海卫视,个人用品,29,0.0733
,青海卫视,食品,14,0.0353
,青海卫视,化妆品/浴室用品,11,0.0273
,青海卫视,金融/投资行业,5,0.0125
,青海卫视,交通,4,0.01
,青海卫视,饮料,2,0.0057
,青海卫视,互联网,1,0.0031
,青海卫视,家居,1,0.0029
10,青海卫视,酒类,171,0.3429
,青海卫视,商业/服务性行业,165,0.3305
,青海卫视,娱乐及休闲,97,0.1944
,青海卫视,衣着,56,0.1127
,青海卫视,药品,34,0.0677
,青海卫视,食品,14,0.0283
,青海卫视,房地产/建筑工程行业,7,0.0148
,青海卫视,化妆品/浴室用品,7,0.0136
,青海卫视,金融/投资行业,5,0.01
,青海卫视,交通,5,0.0094
,青海卫视,互联网,4,0.0075
,青海卫视,家用电器,3,0.005
,青海卫视,个人用品,2,0.0046
,青海卫视,数码/电脑/办公用品,2,0.004
,青海卫视,饮料,2,0.0034
,青海卫视,清洁用品,0,0.0005
,青海卫视,邮电通讯,0,0.0005
11,青海卫视,酒类,172,0.2866
,青海卫视,商业/服务性行业,136,0.2263
,青海卫视,娱乐及休闲,108,0.18
,青海卫视,药品,94,0.1567
,青海卫视,衣着,47,0.0775
,青海卫视,金融/投资行业,13,0.0216
,青海卫视,化妆品/浴室用品,11,0.0183
,青海卫视,房地产/建筑工程行业,7,0.0124
,青海卫视,互联网,7,0.0116
,青海卫视,交通,3,0.0058
,青海卫视,食品,2,0.004
,青海卫视,饮料,2,0.0026
,青海卫视,农业,1,0.001
,青海卫视,家居,1,0.001
,青海卫视,个人用品,1,0.001
,青海卫视,家用电器,0,0.0007
6,陕西卫视,药品,557,0.6194
,陕西卫视,化妆品/浴室用品,168,0.1871
,陕西卫视,酒类,75,0.0839
,陕西卫视,商业/服务性行业,62,0.0686
,陕西卫视,娱乐及休闲,48,0.053
,陕西卫视,食品,43,0.0474
,陕西卫视,房地产/建筑工程行业,15,0.0167
,陕西卫视,交通,3,0.0033
,陕西卫视,互联网,2,0.0023
,陕西卫视,金融/投资行业,1,0.0014
,陕西卫视,家居,1,0.0013
,陕西卫视,清洁用品,1,0.0007
,陕西卫视,衣着,1,0.0006
,陕西卫视,饮料,1,0.0006
,陕西卫视,家用电器,1,0.0006
7,陕西卫视,药品,498,0.4529
,陕西卫视,商业/服务性行业,325,0.2954
,陕西卫视,化妆品/浴室用品,143,0.1299
,陕西卫视,饮料,64,0.0584
,陕西卫视,酒类,62,0.0564
,陕西卫视,食品,54,0.0493
,陕西卫视,个人用品,23,0.0207
,陕西卫视,房地产/建筑工程行业,16,0.0147
,陕西卫视,金融/投资行业,8,0.007
,陕西卫视,互联网,2,0.0021
,陕西卫视,数码/电脑/办公用品,1,0.0005
,陕西卫视,娱乐及休闲,1,0.0005
8,陕西卫视,药品,498,0.3115
,陕西卫视,商业/服务性行业,320,0.1999
,陕西卫视,饮料,295,0.1846
,陕西卫视,化妆品/浴室用品,228,0.1423
,陕西卫视,食品,197,0.1232
,陕西卫视,酒类,104,0.0647
,陕西卫视,娱乐及休闲,25,0.0156
,陕西卫视,房地产/建筑工程行业,17,0.0104
,陕西卫视,金融/投资行业,6,0.0037
,陕西卫视,互联网,4,0.0024
,陕西卫视,交通,1,0.0006
,陕西卫视,个人用品,1,0.0004
,陕西卫视,清洁用品,1,0.0004
9,陕西卫视,饮料,242,0.2014
,陕西卫视,化妆品/浴室用品,229,0.1909
,陕西卫视,药品,225,0.1877
,陕西卫视,酒类,209,0.1742
,陕西卫视,食品,199,0.1661
,陕西卫视,商业/服务性行业,122,0.1019
,陕西卫视,娱乐及休闲,27,0.0227
,陕西卫视,房地产/建筑工程行业,21,0.0173
,陕西卫视,互联网,5,0.0038
,陕西卫视,交通,1,0.0008
,陕西卫视,个人用品,1,0.0005
10,陕西卫视,药品,411,0.3425
,陕西卫视,酒类,287,0.2388
,陕西卫视,食品,207,0.1727
,陕西卫视,商业/服务性行业,120,0.1
,陕西卫视,饮料,104,0.0864
,陕西卫视,化妆品/浴室用品,92,0.0763
,陕西卫视,娱乐及休闲,16,0.0136
,陕西卫视,房地产/建筑工程行业,15,0.0129
,陕西卫视,家用电器,1,0.0005
11,陕西卫视,药品,377,0.3427
,陕西卫视,酒类,295,0.268
,陕西卫视,食品,198,0.1804
,陕西卫视,商业/服务性行业,196,0.178
,陕西卫视,饮料,91,0.0831
,陕西卫视,房地产/建筑工程行业,15,0.0136
,陕西卫视,娱乐及休闲,12,0.0109
,陕西卫视,交通,1,0.0011
,陕西卫视,家居,1,0.0009
,陕西卫视,化妆品/浴室用品,1,0.0005
6,内蒙古卫视,娱乐及休闲,531,0.8847
,内蒙古卫视,药品,69,0.1157
,内蒙古卫视,酒类,33,0.0544
,内蒙古卫视,家居,14,0.0234
,内蒙古卫视,食品,6,0.0102
,内蒙古卫视,化妆品/浴室用品,5,0.0085
,内蒙古卫视,金融/投资行业,5,0.0083
,内蒙古卫视,饮料,3,0.0057
,内蒙古卫视,个人用品,2,0.0029
,内蒙古卫视,商业/服务性行业,1,0.0019
,内蒙古卫视,家用电器,1,0.0012
,内蒙古卫视,交通,0,0.0003
7,内蒙古卫视,娱乐及休闲,326,0.6521
,内蒙古卫视,药品,125,0.2499
,内蒙古卫视,酒类,34,0.0689
,内蒙古卫视,食品,8,0.0162
,内蒙古卫视,化妆品/浴室用品,7,0.0145
,内蒙古卫视,金融/投资行业,5,0.01
,内蒙古卫视,个人用品,2,0.0035
,内蒙古卫视,饮料,1,0.0021
,内蒙古卫视,交通,1,0.0012
,内蒙古卫视,家居,1,0.0012
,内蒙古卫视,农业,0,0.0008
8,内蒙古卫视,娱乐及休闲,268,0.5363
,内蒙古卫视,药品,113,0.2261
,内蒙古卫视,酒类,107,0.2147
,内蒙古卫视,商业/服务性行业,8,0.016
,内蒙古卫视,金融/投资行业,5,0.0096
,内蒙古卫视,化妆品/浴室用品,4,0.0085
,内蒙古卫视,个人用品,2,0.0047
,内蒙古卫视,饮料,2,0.0046
,内蒙古卫视,互联网,1,0.0012
,内蒙古卫视,家居,1,0.0012
,内蒙古卫视,食品,1,0.0012
,内蒙古卫视,家用电器,0,0.001
9,内蒙古卫视,娱乐及休闲,299,0.4986
,内蒙古卫视,房地产/建筑工程行业,108,0.1799
,内蒙古卫视,药品,106,0.176
,内蒙古卫视,酒类,100,0.1668
,内蒙古卫视,商业/服务性行业,51,0.0851
,内蒙古卫视,化妆品/浴室用品,6,0.0095
,内蒙古卫视,金融/投资行业,5,0.0078
,内蒙古卫视,饮料,4,0.0066
,内蒙古卫视,家用电器,2,0.0041
,内蒙古卫视,食品,2,0.0039
,内蒙古卫视,邮电通讯,1,0.001
,内蒙古卫视,个人用品,1,0.001
10,内蒙古卫视,房地产/建筑工程行业,432,0.6166
,内蒙古卫视,娱乐及休闲,252,0.3604
,内蒙古卫视,药品,72,0.1028
,内蒙古卫视,酒类,26,0.037
,内蒙古卫视,饮料,5,0.0075
,内蒙古卫视,金融/投资行业,5,0.0069
,内蒙古卫视,家用电器,3,0.0037
,内蒙古卫视,食品,1,0.0017
,内蒙古卫视,家居,1,0.0017
,内蒙古卫视,衣着,1,0.0017
,内蒙古卫视,化妆品/浴室用品,1,0.0017
,内蒙古卫视,个人用品,1,0.0008
11,内蒙古卫视,娱乐及休闲,311,0.7775
,内蒙古卫视,农业,29,0.073
,内蒙古卫视,酒类,25,0.0626
,内蒙古卫视,药品,20,0.0512
,内蒙古卫视,金融/投资行业,5,0.0136
,内蒙古卫视,化妆品/浴室用品,5,0.0126
,内蒙古卫视,饮料,3,0.008
,内蒙古卫视,家用电器,3,0.0072
,内蒙古卫视,食品,2,0.004
,内蒙古卫视,互联网,1,0.0029
,内蒙古卫视,个人用品,1,0.0029
,内蒙古卫视,家居,1,0.0027
6,宁夏卫视,药品,301,0.5017
,宁夏卫视,娱乐及休闲,178,0.2962
,宁夏卫视,商业/服务性行业,97,0.1617
,宁夏卫视,酒类,15,0.0249
,宁夏卫视,食品,14,0.0229
,宁夏卫视,化妆品/浴室用品,11,0.0188
,宁夏卫视,个人用品,6,0.01
,宁夏卫视,饮料,2,0.0029
,宁夏卫视,交通,1,0.0019
,宁夏卫视,互联网,1,0.0011
,宁夏卫视,房地产/建筑工程行业,1,0.001
,宁夏卫视,家用电器,1,0.001
,宁夏卫视,清洁用品,1,0.001
7,宁夏卫视,娱乐及休闲,245,0.8178
,宁夏卫视,商业/服务性行业,82,0.2728
,宁夏卫视,化妆品/浴室用品,18,0.0615
,宁夏卫视,酒类,16,0.0537
,宁夏卫视,食品,14,0.0461
,宁夏卫视,互联网,9,0.0298
,宁夏卫视,个人用品,5,0.0164
,宁夏卫视,数码/电脑/办公用品,1,0.0044
,宁夏卫视,饮料,1,0.0043
,宁夏卫视,家居,1,0.0039
,宁夏卫视,工业,1,0.0019
,宁夏卫视,交通,1,0.0019
,宁夏卫视,家用电器,1,0.0019
8,宁夏卫视,娱乐及休闲,280,0.6996
,宁夏卫视,商业/服务性行业,118,0.2959
,宁夏卫视,互联网,40,0.0988
,宁夏卫视,酒类,17,0.0434
,宁夏卫视,食品,14,0.0348
,宁夏卫视,化妆品/浴室用品,12,0.0305
,宁夏卫视,饮料,5,0.0135
,宁夏卫视,个人用品,3,0.0066
,宁夏卫视,交通,1,0.0029
,宁夏卫视,清洁用品,1,0.0016
,宁夏卫视,邮电通讯,1,0.0015
9,宁夏卫视,娱乐及休闲,308,0.7697
,宁夏卫视,商业/服务性行业,49,0.1227
,宁夏卫视,食品,19,0.0468
,宁夏卫视,酒类,15,0.0363
,宁夏卫视,化妆品/浴室用品,10,0.0244
,宁夏卫视,饮料,3,0.0085
,宁夏卫视,个人用品,3,0.0073
,宁夏卫视,家居,3,0.0069
,宁夏卫视,药品,1,0.0029
,宁夏卫视,互联网,1,0.0014
10,宁夏卫视,娱乐及休闲,215,1.0763
,宁夏卫视,商业/服务性行业,26,0.1284
,宁夏卫视,酒类,15,0.0775
,宁夏卫视,食品,11,0.0567
,宁夏卫视,化妆品/浴室用品,9,0.0439
,宁夏卫视,饮料,3,0.0145
,宁夏卫视,数码/电脑/办公用品,2,0.0117
,宁夏卫视,个人用品,2,0.0116
,宁夏卫视,互联网,1,0.0029
,宁夏卫视,家用电器,1,0.0029
,宁夏卫视,家居,1,0.0029
,宁夏卫视,衣着,1,0.0029
,宁夏卫视,农业,0,0.0024
11,宁夏卫视,娱乐及休闲,200,0.6678
,宁夏卫视,药品,71,0.2373
,宁夏卫视,食品,34,0.1121
,宁夏卫视,酒类,16,0.0519
,宁夏卫视,化妆品/浴室用品,13,0.0421
,宁夏卫视,农业,5,0.017
,宁夏卫视,互联网,2,0.0058
,宁夏卫视,商业/服务性行业,1,0.0047
,宁夏卫视,饮料,1,0.0047
,宁夏卫视,家用电器,1,0.0019
,宁夏卫视,衣着,1,0.0019
,宁夏卫视,家居,1,0.0019
,宁夏卫视,工业,1,0.0019
,宁夏卫视,个人用品,1,0.0019
6,新疆卫视,药品,67,0.6701
,新疆卫视,酒类,37,0.3728
,新疆卫视,娱乐及休闲,28,0.2782
,新疆卫视,饮料,9,0.0897
,新疆卫视,金融/投资行业,5,0.049
,新疆卫视,化妆品/浴室用品,2,0.0231
,新疆卫视,互联网,2,0.0163
,新疆卫视,食品,1,0.0058
,新疆卫视,个人用品,1,0.0058
,新疆卫视,房地产/建筑工程行业,1,0.0057
,新疆卫视,家用电器,1,0.0057
7,新疆卫视,药品,69,0.6912
,新疆卫视,娱乐及休闲,27,0.2739
,新疆卫视,酒类,24,0.2427
,新疆卫视,饮料,17,0.1663
,新疆卫视,化妆品/浴室用品,7,0.0687
,新疆卫视,金融/投资行业,6,0.0617
,新疆卫视,个人用品,2,0.0231
,新疆卫视,互联网,2,0.0193
,新疆卫视,食品,2,0.017
,新疆卫视,家用电器,2,0.0166
,新疆卫视,工业,1,0.0058
,新疆卫视,交通,1,0.0058
8,新疆卫视,药品,92,0.919
,新疆卫视,娱乐及休闲,35,0.3519
,新疆卫视,交通,9,0.0865
,新疆卫视,饮料,6,0.0649
,新疆卫视,化妆品/浴室用品,6,0.0626
,新疆卫视,金融/投资行业,5,0.0486
,新疆卫视,个人用品,2,0.0231
,新疆卫视,互联网,2,0.0186
,新疆卫视,食品,2,0.0173
,新疆卫视,酒类,2,0.0157
,新疆卫视,家用电器,1,0.0091
,新疆卫视,房地产/建筑工程行业,1,0.0054
9,新疆卫视,药品,82,0.8173
,新疆卫视,娱乐及休闲,26,0.2591
,新疆卫视,金融/投资行业,25,0.253
,新疆卫视,交通,14,0.1397
,新疆卫视,化妆品/浴室用品,7,0.0684
,新疆卫视,商业/服务性行业,2,0.0175
,新疆卫视,酒类,2,0.0169
,新疆卫视,个人用品,1,0.0117
,新疆卫视,互联网,1,0.0117
,新疆卫视,食品,1,0.0115
,新疆卫视,邮电通讯,1,0.0058
10,新疆卫视,药品,78,0.783
,新疆卫视,金融/投资行业,41,0.4101
,新疆卫视,娱乐及休闲,21,0.2111
,新疆卫视,交通,17,0.1732
,新疆卫视,化妆品/浴室用品,8,0.0769
,新疆卫视,家用电器,3,0.0267
,新疆卫视,食品,2,0.0233
,新疆卫视,数码/电脑/办公用品,2,0.0233
,新疆卫视,饮料,1,0.0115
,新疆卫视,酒类,1,0.0115
,新疆卫视,互联网,1,0.0112
,新疆卫视,个人用品,1,0.0058
,新疆卫视,家居,1,0.0051
11,新疆卫视,药品,58,0.5763
,新疆卫视,金融/投资行业,45,0.4546
,新疆卫视,娱乐及休闲,27,0.2715
,新疆卫视,家用电器,19,0.1854
,新疆卫视,交通,12,0.1232
,新疆卫视,化妆品/浴室用品,11,0.1074
,新疆卫视,互联网,2,0.0188
,新疆卫视,食品,1,0.0117
,新疆卫视,酒类,1,0.0112
,新疆卫视,数码/电脑/办公用品,1,0.0058
,新疆卫视,家居,0,0.0008
6,甘肃卫视,药品,572,0.4398
,甘肃卫视,商业/服务性行业,494,0.3798
,甘肃卫视,酒类,105,0.0808
,甘肃卫视,饮料,65,0.0503
,甘肃卫视,娱乐及休闲,63,0.0481
,甘肃卫视,化妆品/浴室用品,13,0.0097
,甘肃卫视,食品,7,0.0053
,甘肃卫视,个人用品,4,0.0031
,甘肃卫视,金融/投资行业,3,0.0027
,甘肃卫视,数码/电脑/办公用品,2,0.0014
,甘肃卫视,互联网,2,0.0013
,甘肃卫视,清洁用品,1,0.0004
,甘肃卫视,工业,0,0.0003
,甘肃卫视,衣着,0,0.0001
7,甘肃卫视,药品,577,0.4437
,甘肃卫视,商业/服务性行业,472,0.363
,甘肃卫视,酒类,108,0.0827
,甘肃卫视,饮料,71,0.0546
,甘肃卫视,娱乐及休闲,61,0.047
,甘肃卫视,食品,19,0.0146
,甘肃卫视,化妆品/浴室用品,8,0.0061
,甘肃卫视,个人用品,6,0.0048
,甘肃卫视,金融/投资行业,3,0.0026
,甘肃卫视,互联网,1,0.0011
,甘肃卫视,烟草类,1,0.0005
,甘肃卫视,家居,1,0.0004
,甘肃卫视,工业,0,0.0002
8,甘肃卫视,药品,587,0.4893
,甘肃卫视,商业/服务性行业,404,0.3368
,甘肃卫视,酒类,110,0.092
,甘肃卫视,饮料,81,0.0672
,甘肃卫视,娱乐及休闲,68,0.0567
,甘肃卫视,化妆品/浴室用品,14,0.0115
,甘肃卫视,食品,6,0.0053
,甘肃卫视,个人用品,4,0.0035
,甘肃卫视,金融/投资行业,3,0.0023
,甘肃卫视,家居,2,0.0019
,甘肃卫视,交通,2,0.0015
,甘肃卫视,互联网,2,0.0014
,甘肃卫视,邮电通讯,1,0.0005
,甘肃卫视,衣着,1,0.0005
9,甘肃卫视,商业/服务性行业,299,0.4265
,甘肃卫视,药品,202,0.2889
,甘肃卫视,酒类,105,0.1494
,甘肃卫视,饮料,74,0.1053
,甘肃卫视,娱乐及休闲,65,0.0926
,甘肃卫视,化妆品/浴室用品,12,0.0179
,甘肃卫视,个人用品,3,0.0045
,甘肃卫视,食品,3,0.0042
,甘肃卫视,金融/投资行业,2,0.0035
,甘肃卫视,工业,2,0.003
,甘肃卫视,家用电器,2,0.0022
,甘肃卫视,家居,1,0.0008
,甘肃卫视,互联网,1,0.0008
,甘肃卫视,农业,0,0.0006
10,甘肃卫视,药品,315,0.3932
,甘肃卫视,商业/服务性行业,241,0.3018
,甘肃卫视,酒类,110,0.1376
,甘肃卫视,娱乐及休闲,88,0.1095
,甘肃卫视,饮料,75,0.094
,甘肃卫视,家居,21,0.0262
,甘肃卫视,化妆品/浴室用品,13,0.0164
,甘肃卫视,工业,8,0.0097
,甘肃卫视,食品,6,0.008
,甘肃卫视,金融/投资行业,3,0.0032
,甘肃卫视,家用电器,2,0.0022
,甘肃卫视,个人用品,2,0.0022
,甘肃卫视,交通,1,0.0015
,甘肃卫视,清洁用品,1,0.0007
,甘肃卫视,衣着,1,0.0007
,甘肃卫视,互联网,0,0.0004
11,甘肃卫视,药品,304,0.3804
,甘肃卫视,商业/服务性行业,188,0.2345
,甘肃卫视,酒类,127,0.1588
,甘肃卫视,娱乐及休闲,74,0.093
,甘肃卫视,饮料,72,0.0902
,甘肃卫视,化妆品/浴室用品,14,0.017
,甘肃卫视,金融/投资行业,7,0.0092
,甘肃卫视,工业,6,0.0072
,甘肃卫视,食品,3,0.0041
,甘肃卫视,个人用品,1,0.0014
,甘肃卫视,互联网,1,0.001
,甘肃卫视,衣着,1,0.0007
,甘肃卫视,农业,1,0.0007
,甘肃卫视,清洁用品,1,0.0007
,甘肃卫视,家居,1,0.0007
,甘肃卫视,家用电器,0,0.0005
6,西藏卫视,娱乐及休闲,181,0.4517
,西藏卫视,饮料,175,0.4368
,西藏卫视,房地产/建筑工程行业,30,0.0749
,西藏卫视,互联网,27,0.0667
,西藏卫视,工业,15,0.0375
,西藏卫视,食品,9,0.0224
,西藏卫视,金融/投资行业,8,0.0188
7,西藏卫视,娱乐及休闲,193,0.4833
,西藏卫视,饮料,158,0.3959
,西藏卫视,房地产/建筑工程行业,31,0.0775
,西藏卫视,金融/投资行业,18,0.0442
,西藏卫视,工业,16,0.0389
,西藏卫视,食品,9,0.0232
,西藏卫视,化妆品/浴室用品,4,0.01
8,西藏卫视,娱乐及休闲,126,0.4188
,西藏卫视,饮料,115,0.382
,西藏卫视,房地产/建筑工程行业,32,0.1056
,西藏卫视,金融/投资行业,23,0.0772
,西藏卫视,工业,16,0.0519
,西藏卫视,商业/服务性行业,10,0.0339
,西藏卫视,食品,9,0.0309
,西藏卫视,化妆品/浴室用品,1,0.0039
,西藏卫视,酒类,0,0.0001
9,西藏卫视,娱乐及休闲,121,0.402
,西藏卫视,饮料,90,0.2993
,西藏卫视,房地产/建筑工程行业,37,0.1222
,西藏卫视,金融/投资行业,22,0.0723
,西藏卫视,商业/服务性行业,17,0.0568
,西藏卫视,工业,15,0.0485
,西藏卫视,食品,9,0.0289
10,西藏卫视,娱乐及休闲,106,0.5311
,西藏卫视,饮料,95,0.4774
,西藏卫视,房地产/建筑工程行业,38,0.1885
,西藏卫视,金融/投资行业,22,0.1123
,西藏卫视,工业,15,0.0751
,西藏卫视,食品,9,0.0449
,西藏卫视,商业/服务性行业,8,0.0382
11,西藏卫视,娱乐及休闲,104,0.348
,西藏卫视,饮料,102,0.3384
,西藏卫视,药品,66,0.2198
,西藏卫视,房地产/建筑工程行业,37,0.1248
,西藏卫视,金融/投资行业,22,0.075
,西藏卫视,工业,15,0.05
,西藏卫视,食品,9,0.0299
6,海南卫视,娱乐及休闲,344,0.861
,海南卫视,酒类,52,0.1298
,海南卫视,食品,17,0.0416
,海南卫视,房地产/建筑工程行业,9,0.0224
,海南卫视,化妆品/浴室用品,6,0.0146
,海南卫视,互联网,4,0.0112
,海南卫视,工业,1,0.0031
,海南卫视,交通,0,0.0011
7,海南卫视,娱乐及休闲,63,0.6318
,海南卫视,酒类,42,0.4218
,海南卫视,食品,24,0.2371
,海南卫视,交通,19,0.1925
,海南卫视,个人用品,18,0.1781
,海南卫视,化妆品/浴室用品,5,0.0523
,海南卫视,数码/电脑/办公用品,5,0.0499
,海南卫视,家用电器,5,0.046
,海南卫视,互联网,3,0.0349
,海南卫视,工业,2,0.0182
,海南卫视,饮料,1,0.0082
,海南卫视,衣着,1,0.0075
8,海南卫视,娱乐及休闲,65,0.6495
,海南卫视,酒类,40,0.3986
,海南卫视,交通,21,0.2104
,海南卫视,食品,16,0.1566
,海南卫视,化妆品/浴室用品,5,0.0466
,海南卫视,互联网,4,0.0399
,海南卫视,饮料,3,0.0255
9,海南卫视,娱乐及休闲,90,0.2999
,海南卫视,酒类,90,0.2998
,海南卫视,交通,80,0.267
,海南卫视,饮料,20,0.0664
,海南卫视,食品,16,0.0522
,海南卫视,房地产/建筑工程行业,6,0.0208
,海南卫视,化妆品/浴室用品,6,0.0194
,海南卫视,互联网,5,0.0166
,海南卫视,数码/电脑/办公用品,1,0.0046
,海南卫视,家居,0,0.0014
10,海南卫视,酒类,95,0.4768
,海南卫视,娱乐及休闲,65,0.3227
,海南卫视,交通,26,0.1275
,海南卫视,饮料,20,0.1015
,海南卫视,食品,15,0.0768
,海南卫视,房地产/建筑工程行业,6,0.0313
,海南卫视,化妆品/浴室用品,5,0.0232
,海南卫视,数码/电脑/办公用品,2,0.0095
,海南卫视,家用电器,1,0.0054
11,海南卫视,交通,255,0.6373
,海南卫视,酒类,65,0.1628
,海南卫视,娱乐及休闲,47,0.1165
,海南卫视,饮料,20,0.0499
,海南卫视,房地产/建筑工程行业,19,0.0468
,海南卫视,食品,15,0.0376
,海南卫视,商业/服务性行业,10,0.0242
,海南卫视,化妆品/浴室用品,5,0.0116
,海南卫视,家用电器,4,0.0106
,海南卫视,家居,0,0.001
